,civ_name,rank
0,Qin-Mandate-of-Heaven,0
1,Persia,0
2,Cree,0
3,Ludwig,0
4,Qin-Mandate-of-Heaven,0
5,Russia,0
6,Nader-Shah,0
7,Macedon,0
8,Kublai-Mongolia,0
9,Georgia,0
10,Qin-Mandate-of-Heaven,0
11,Aztec,0
12,Aztec,0
13,Chandragupta,0
14,Qin-Mandate-of-Heaven,0
15,ElizabethI,0
16,Victoria age of steam,0
17,Aztec,0
18,Hojo-Tokimune,0
19,Eleanor-En,0
20,Suleiman-Muhtesem,0
21,Persia,0
22,Brazil,0
23,Rome,0
24,Victoria age of steam,0
25,Mbande,0
26,Rome,0
27,Hungary,0
28,Qin-Mandate-of-Heaven,0
29,Ludwig,0
30,Victoria age of steam,0
31,Qin-Mandate-of-Heaven,0
32,Hojo-Tokimune,0
33,Gorgo,0
34,Ludwig,0
35,Qin-Mandate-of-Heaven,0
36,Victoria age of steam,0
37,Victoria,0
38,Pericles,0
39,Yongle,0
40,Qin-Mandate-of-Heaven,0
41,Qin-Mandate-of-Heaven,0
42,Gran-Colombia,0
43,Maori,0
44,Ludwig,0
45,Hojo-Tokimune,0
46,Ethiopia,0
47,Kublai-China,0
48,Maya,0
49,Babylon,0
50,Gorgo,0
51,Scotland,0
52,Saladin-Vizier,0
53,Hungary,0
54,Julius-Caesar,0
55,Gorgo,0
56,Brazil,0
57,Kublai-Mongolia,0
58,Eleanor-En,0
59,Brazil,0
60,Hungary,0
61,Qin-Mandate-of-Heaven,0
62,Gorgo,0
63,Ludwig,0
64,Babylon,0
65,Gran-Colombia,0
66,Babylon,0
67,Eleanor-Fr,0
68,Maya,0
69,Aztec,0
70,Victoria age of steam,0
71,Qin-Mandate-of-Heaven,0
72,Nader-Shah,0
73,Russia,0
74,Eleanor-En,0
75,Mbande,0
76,Qin-Mandate-of-Heaven,0
77,Chandragupta,0
78,Persia,0
79,Chandragupta,0
80,Scotland,0
81,Harald-Varangian,0
82,Gorgo,0
83,Suleiman-Kanuni,0
84,Babylon,0
85,Nubia,0
86,Qin-Mandate-of-Heaven,0
87,Victoria age of steam,0
88,Eleanor-En,0
89,Portugal,0
90,Hungary,0
91,Canada,0
92,Cree,0
93,Maori,0
94,Vietnam,0
95,Cree,0
96,Scythia,0
97,Brazil,0
98,Suleiman-Kanuni,0
99,Sweden,0
100,Qin-Mandate-of-Heaven,0
101,Rome,0
102,Brazil,0
103,Netherlands,0
104,Qin-Mandate-of-Heaven,0
105,Netherlands,0
106,Rome,0
107,Babylon,0
108,Qin-Mandate-of-Heaven,0
109,Saladin-Vizier,0
110,Suleiman-Muhtesem,0
111,Julius-Caesar,0
112,Korea,0
113,Theodora,0
114,Eleanor-En,0
115,Babylon,0
116,Norway,0
117,Babylon,0
118,Kublai-China,0
119,Saladin-Vizier,0
120,Rome,0
121,Qin-Mandate-of-Heaven,0
122,Babylon,0
123,Victoria,0
124,Germany,0
125,Nubia,0
126,Eleanor-En,0
127,Phoenicia,0
128,Hungary,0
129,Abraham-Lincoln,0
130,Russia,0
131,Qin-Mandate-of-Heaven,0
132,Russia,0
133,Mbande,0
134,Maori,0
135,Harald-Varangian,0
136,Hungary,0
137,Spain,0
138,Norway,0
139,Canada,0
140,Aztec,0
141,Russia,0
142,Portugal,0
143,Qin-Mandate-of-Heaven,0
144,Eleanor-En,0
145,Scotland,0
146,ElizabethI,0
147,Ludwig,0
148,Sumeria,0
149,Ethiopia,0
150,Persia,0
151,Sweden,0
152,Brazil,0
153,Gaul,0
154,Babylon,0
155,Tokugawa,0
156,Egypt,0
157,Norway,0
158,Aztec,0
159,Wu-Zetian,0
160,Egypt,0
161,Poland,0
162,Yongle,0
163,Victoria,0
164,Qin-Mandate-of-Heaven,0
165,Julius-Caesar,0
166,Kublai-Mongolia,0
167,Egypt,0
168,Brazil,0
169,Brazil,0
170,Gaul,0
171,Julius-Caesar,0
172,Mbande,0
173,Kublai-China,0
174,Harald-Varangian,0
175,Victoria age of steam,0
176,Theodora,0
177,Mbande,0
178,Germany,0
179,Chandragupta,0
180,Gorgo,0
181,Rome,0
182,Eleanor-En,0
183,Qin-Mandate-of-Heaven,0
184,Qin-Mandate-of-Heaven,0
185,Teddy-RR,0
186,Qin-Mandate-of-Heaven,0
187,Pericles,0
188,Qin-Mandate-of-Heaven,0
189,Qin-Mandate-of-Heaven,0
190,Georgia,0
191,Ludwig,0
192,Khmer,0
193,Victoria,0
194,Ludwig,0
195,Qin-Mandate-of-Heaven,0
196,Scythia,0
197,Phoenicia,0
198,Chandragupta,0
199,Qin-Mandate-of-Heaven,0
200,Aztec,0
201,Brazil,0
202,Brazil,0
203,Germany,0
204,Victoria,0
205,Korea,0
206,Qin-Mandate-of-Heaven,0
207,Aztec,0
208,Maori,0
209,Persia,0
210,Germany,0
211,Phoenicia,0
212,Phoenicia,0
213,Victoria age of steam,0
214,Babylon,0
215,Phoenicia,0
216,Qin-Mandate-of-Heaven,0
217,Brazil,0
218,Genghis-Khan,0
219,Mbande,0
220,Pericles,0
221,Harald-Varangian,0
222,Gorgo,0
223,Babylon,0
224,Saladin-Vizier,0
225,Babylon,0
226,Qin-Mandate-of-Heaven,0
227,Poland,0
228,Hojo-Tokimune,0
229,Qin-Mandate-of-Heaven,0
230,Korea,0
231,Rome,0
232,Victoria age of steam,0
233,Qin-Mandate-of-Heaven,0
234,Persia,0
235,Phoenicia,0
236,Spain,0
237,Egypt,0
238,Cree,0
239,Victoria,0
240,Canada,0
241,Ethiopia,0
242,Qin-Mandate-of-Heaven,0
243,Canada,0
244,Sundiata-Keita,0
245,Qin-Mandate-of-Heaven,0
246,Maori,0
247,Kublai-Mongolia,0
248,Persia,0
249,Hungary,0
250,Qin-Mandate-of-Heaven,0
251,Gandhi,0
252,Egypt,0
253,Qin-Mandate-of-Heaven,0
254,Hungary,0
255,Germany,0
256,Sumeria,0
257,Victoria,0
258,Suleiman-Kanuni,0
259,Harald-Varangian,0
260,Hungary,0
261,Ludwig,0
262,Sweden,0
263,Phoenicia,0
264,Victoria age of steam,0
265,Yongle,0
266,Kublai-Mongolia,0
267,Suleiman-Muhtesem,0
268,Hojo-Tokimune,0
269,Kublai-China,0
270,Harald-Varangian,0
271,Chandragupta,0
272,Spain,0
273,Hojo-Tokimune,0
275,Germany,0
276,Rome,0
277,Australia,0
278,Babylon,0
279,Mbande,0
280,Eleanor-En,0
281,Chandragupta,0
282,Germany,0
283,Germany,0
284,Rome,0
285,Julius-Caesar,0
286,Kublai-Mongolia,0
287,Kublai-Mongolia,0
288,Persia,0
289,Saladin-Vizier,0
290,Qin-Mandate-of-Heaven,0
291,Ptolemaic-Cleopatra,0
292,Saladin-Vizier,0
293,Sumeria,0
294,Abraham-Lincoln,0
295,Harald-Varangian,0
296,Kublai-Mongolia,0
297,Chandragupta,0
298,Kublai-Mongolia,0
299,Suleiman-Muhtesem,0
300,Saladin-Vizier,0
301,Ptolemaic-Cleopatra,0
302,Eleanor-En,0
303,Suleiman-Muhtesem,0
304,Rome,0
305,Kublai-Mongolia,0
306,Hungary,0
307,Cree,0
308,Georgia,0
309,Victoria,0
310,Netherlands,0
311,Portugal,0
312,Victoria age of steam,0
313,Victoria,0
314,Maya,0
315,Cree,0
316,Aztec,0
317,Sundiata-Keita,0
318,Theodora,0
319,Suleiman-Muhtesem,0
320,Aztec,0
321,Persia,0
322,Maori,0
323,Australia,0
325,Brazil,0
326,Hojo-Tokimune,0
327,Qin-Mandate-of-Heaven,0
328,Qin-Mandate-of-Heaven,0
329,Harald-Varangian,0
330,Qin-Mandate-of-Heaven,0
331,Mali,0
332,Yongle,0
333,Brazil,0
334,Harald-Varangian,0
335,Qin-Mandate-of-Heaven,0
336,Kublai-Mongolia,0
337,Scotland,0
338,Qin-Mandate-of-Heaven,0
339,Qin-Mandate-of-Heaven,0
340,Qin-Mandate-of-Heaven,0
341,Suleiman-Kanuni,0
342,Vietnam,0
343,Spain,0
344,Qin-Mandate-of-Heaven,0
345,Suleiman-Muhtesem,0
346,Georgia,0
347,Qin-Mandate-of-Heaven,0
348,Qin-Mandate-of-Heaven,0
349,Yongle,0
350,Aztec,0
351,Qin-Mandate-of-Heaven,0
352,Wu-Zetian,0
353,Canada,0
354,Teddy-BM,0
355,Portugal,0
356,Qin-Mandate-of-Heaven,0
357,Qin-Mandate-of-Heaven,0
358,Qin-Mandate-of-Heaven,0
359,Kublai-China,0
360,Qin-Mandate-of-Heaven,0
361,Qin-Mandate-of-Heaven,0
362,Harald-Varangian,0
363,Qin-Mandate-of-Heaven,0
364,Qin-Mandate-of-Heaven,0
365,Aztec,0
366,Julius-Caesar,0
367,Vietnam,0
368,Babylon,0
369,Korea,0
370,Qin-Mandate-of-Heaven,0
371,Ludwig,0
372,Pericles,0
373,Hojo-Tokimune,0
374,Qin-Mandate-of-Heaven,0
375,Wu-Zetian,0
376,Rome,0
377,Yongle,0
378,Victoria age of steam,0
379,Babylon,0
380,Qin-Mandate-of-Heaven,0
381,Qin-Mandate-of-Heaven,0
382,Portugal,0
383,Rome,0
384,Germany,0
385,Qin-Mandate-of-Heaven,0
386,Gaul,0
387,ElizabethI,0
388,Poland,0
389,Poland,0
390,Qin-Mandate-of-Heaven,0
391,Qin-Mandate-of-Heaven,0
392,Maori,0
393,Hungary,0
394,Ludwig,0
395,Cree,0
396,Victoria,0
397,Chandragupta,0
398,Nader-Shah,0
399,Suleiman-Muhtesem,0
400,Aztec,0
401,Rome,0
402,Rome,0
403,Nader-Shah,0
404,Maori,0
405,Canada,0
406,Victoria age of steam,0
407,Ludwig,0
408,Mbande,0
409,Phoenicia,0
410,Qin-Mandate-of-Heaven,0
411,Victoria,0
412,Georgia,0
413,Gorgo,0
414,Australia,0
415,Netherlands,0
416,Babylon,0
417,Kublai-China,0
418,Portugal,0
419,Suleiman-Kanuni,0
420,Babylon,0
421,Gaul,0
422,Victoria age of steam,0
423,Victoria age of steam,0
424,Gorgo,0
425,Tokugawa,0
426,Suleiman-Kanuni,0
427,Babylon,0
428,Julius-Caesar,0
429,Mbande,0
430,Hungary,0
431,Hungary,0
432,Qin-Mandate-of-Heaven,0
433,Victoria age of steam,0
434,Gorgo,0
435,Babylon,0
436,Rome,0
437,Victoria,0
438,Cree,0
439,Portugal,0
440,Persia,0
441,Victoria age of steam,0
442,Australia,0
443,Theodora,0
444,Khmer,0
445,Gran-Colombia,0
446,Saladin-Vizier,0
447,Qin-Mandate-of-Heaven,0
448,Victoria,0
449,Gorgo,0
450,Qin-Mandate-of-Heaven,0
451,Cree,0
452,Rome,0
453,Chandragupta,0
454,Qin-Mandate-of-Heaven,0
455,Victoria,0
456,Rome,0
457,Qin-Mandate-of-Heaven,0
458,Egypt,0
459,Brazil,0
460,Cree,0
461,Victoria age of steam,0
462,Hojo-Tokimune,0
463,Germany,0
464,Qin-Mandate-of-Heaven,0
465,Maori,0
466,Qin-Mandate-of-Heaven,0
467,Victoria age of steam,0
468,Qin-Mandate-of-Heaven,0
469,Qin-Mandate-of-Heaven,0
470,Maori,0
471,Australia,0
472,Yongle,0
473,Ludwig,0
474,Qin-Mandate-of-Heaven,0
475,Gandhi,0
476,Vietnam,0
477,Gaul,0
478,Teddy-BM,0
479,Aztec,0
480,Persia,0
481,Phoenicia,0
482,Yongle,0
483,Victoria age of steam,0
484,Abraham-Lincoln,0
485,Mbande,0
486,Mbande,0
487,Rome,0
488,Chandragupta,0
489,Vietnam,0
490,Qin-Mandate-of-Heaven,0
491,Qin-Mandate-of-Heaven,0
492,Kublai-China,0
493,Spain,0
494,Qin-Mandate-of-Heaven,0
495,Australia,0
496,Gorgo,0
497,Korea,0
498,Chandragupta,0
499,Ptolemaic-Cleopatra,0
500,Abraham-Lincoln,0
501,Aztec,0
502,Ethiopia,0
503,Persia,0
504,Poland,0
505,Brazil,0
506,Gorgo,0
507,Harald-Varangian,0
508,Brazil,0
509,Teddy-RR,0
510,Nubia,0
511,ElizabethI,0
512,Victoria age of steam,0
513,Phoenicia,0
514,Canada,0
515,Kublai-China,0
516,Norway,0
517,Poland,0
518,Korea,0
519,Victoria age of steam,0
520,Teddy-BM,0
521,Norway,0
522,Kublai-China,0
523,Russia,0
524,Catherine-Magnificence,0
525,Qin-Mandate-of-Heaven,0
526,Hungary,0
527,Victoria age of steam,0
528,Aztec,0
529,Saladin-Vizier,0
530,Qin-Mandate-of-Heaven,0
531,Ludwig,0
532,Chandragupta,0
533,Victoria,0
534,Victoria,0
535,Rome,0
536,Russia,0
537,Netherlands,0
538,Portugal,0
539,Pericles,0
540,Victoria age of steam,0
541,Brazil,0
542,Qin-Mandate-of-Heaven,0
543,Chandragupta,0
544,Khmer,0
545,Germany,0
546,Babylon,0
547,Russia,0
548,Aztec,0
549,Victoria age of steam,0
550,Persia,0
551,Mapuche,0
552,Suleiman-Kanuni,0
553,Ludwig,0
554,Persia,0
555,Ludwig,0
556,Korea,0
557,Eleanor-En,0
558,Norway,0
559,ElizabethI,0
560,Netherlands,0
561,Tokugawa,0
562,Nubia,0
563,Khmer,0
564,Saladin-Vizier,0
565,Aztec,0
566,Victoria age of steam,0
567,Nader-Shah,0
568,Victoria,0
569,Portugal,0
570,Catherine-BQ,0
571,Ludwig,0
572,Gorgo,0
573,Phoenicia,0
574,Chandragupta,0
575,Suleiman-Muhtesem,0
576,Netherlands,0
577,Yongle,0
578,Brazil,0
579,Gaul,0
580,Eleanor-En,0
581,Germany,0
582,Spain,0
583,Aztec,0
584,Rome,0
585,Qin-Mandate-of-Heaven,0
586,Qin-Mandate-of-Heaven,0
587,Suleiman-Kanuni,0
588,Scythia,0
589,Wu-Zetian,0
590,Phoenicia,0
591,Ethiopia,0
592,Mbande,0
593,Mbande,0
594,Eleanor-En,0
595,Catherine-Magnificence,0
596,Victoria age of steam,0
597,Brazil,0
599,Cree,0
600,Persia,0
601,Vietnam,0
602,Gorgo,0
603,Suleiman-Kanuni,0
604,Aztec,0
605,Inca,0
606,Gaul,0
607,Phoenicia,0
608,Hungary,0
609,Abraham-Lincoln,0
610,Suleiman-Muhtesem,0
611,Qin-Mandate-of-Heaven,0
612,Ludwig,0
613,Sumeria,0
614,Gran-Colombia,0
615,Persia,0
616,Rome,0
617,Babylon,0
618,Suleiman-Muhtesem,0
619,Ludwig,0
620,Hungary,0
621,Germany,0
622,Catherine-Magnificence,0
623,Maori,0
624,Mvemba-a-Nzinga,0
625,Aztec,0
626,Germany,0
627,Germany,0
628,Nubia,0
629,Eleanor-En,0
630,Aztec,0
631,Victoria age of steam,0
632,Victoria,0
633,Hojo-Tokimune,0
634,Abraham-Lincoln,0
635,Brazil,0
636,Victoria age of steam,0
637,Hojo-Tokimune,0
638,Hojo-Tokimune,0
639,Chandragupta,0
640,Cree,0
641,Kublai-Mongolia,0
642,Theodora,0
643,Teddy-RR,0
644,Hojo-Tokimune,0
645,Kublai-Mongolia,0
646,Gorgo,0
647,Nader-Shah,0
648,Norway,0
649,Cree,0
650,Chandragupta,0
651,Sejong,0
652,Canada,0
653,Pericles,0
654,Victoria,0
655,Phoenicia,0
656,Suleiman-Muhtesem,0
657,Zulu,0
658,Teddy-BM,0
659,Phoenicia,0
660,Germany,0
661,Qin-Mandate-of-Heaven,0
662,Russia,0
663,Maya,0
664,Byzantium,0
665,Ludwig,0
666,ElizabethI,0
667,Cree,0
668,Germany,0
669,Ludwig,0
670,Norway,0
671,Poland,0
672,Khmer,0
673,Suleiman-Kanuni,0
674,Hojo-Tokimune,0
675,Ethiopia,0
676,Aztec,0
677,Cree,0
678,Victoria age of steam,0
679,Cree,0
680,Qin-Mandate-of-Heaven,0
681,Abraham-Lincoln,0
682,Ethiopia,0
683,Germany,0
684,Hungary,0
685,Maori,0
686,Mbande,0
687,Qin-Mandate-of-Heaven,0
688,Spain,0
689,Hojo-Tokimune,0
690,Eleanor-En,0
691,Georgia,0
692,Indonesia,0
693,Ptolemaic-Cleopatra,0
694,Saladin-Vizier,0
695,Qin-Mandate-of-Heaven,0
696,Sejong,0
697,Ludwig,0
698,Gran-Colombia,0
699,Persia,0
700,Spain,0
701,Poland,0
702,Catherine-Magnificence,0
703,Qin-Mandate-of-Heaven,0
704,Brazil,0
705,Victoria,0
706,Gorgo,0
707,Canada,0
708,Qin-Mandate-of-Heaven,0
709,Aztec,0
710,Ethiopia,0
711,Victoria age of steam,0
712,Russia,0
713,Brazil,0
714,Catherine-Magnificence,0
715,Russia,0
716,Georgia,0
717,Nubia,0
718,Eleanor-En,0
719,Victoria age of steam,0
720,Victoria age of steam,0
721,Julius-Caesar,0
722,Kublai-China,0
723,Kublai-China,0
724,Norway,0
725,Phoenicia,0
726,Eleanor-Fr,0
727,Inca,0
728,Netherlands,0
729,Aztec,0
730,Persia,0
731,Ludwig,0
732,Kublai-Mongolia,0
733,Qin-Mandate-of-Heaven,0
734,Persia,0
735,Suleiman-Muhtesem,0
736,Ludwig,0
737,Australia,0
738,ElizabethI,0
739,Suleiman-Muhtesem,0
740,Kublai-China,0
741,Saladin-Vizier,0
742,Kublai-Mongolia,0
743,Kublai-Mongolia,0
744,Germany,0
745,Hungary,0
746,Suleiman-Muhtesem,0
747,Suleiman-Muhtesem,0
748,Babylon,0
749,Genghis-Khan,0
750,Gaul,0
751,Harald-Varangian,0
752,Zulu,0
753,Gaul,0
754,Brazil,0
755,ElizabethI,0
756,Qin-Mandate-of-Heaven,0
757,Aztec,0
758,Mvemba-a-Nzinga,0
759,Egypt,0
760,Rome,0
761,Canada,0
762,Poland,0
763,Aztec,0
764,Saladin-Vizier,0
765,Indonesia,0
766,Khmer,0
767,Mbande,0
768,Sundiata-Keita,0
769,Hojo-Tokimune,0
770,Indonesia,0
771,Kublai-Mongolia,0
772,Aztec,0
773,Abraham-Lincoln,0
774,Cree,0
775,Nader-Shah,0
776,Maori,0
777,Babylon,0
778,Spain,0
779,Gaul,0
781,Catherine-Magnificence,0
782,Byzantium,0
783,Catherine-BQ,0
784,Abraham-Lincoln,0
785,Cree,0
786,Gaul,0
787,Kublai-Mongolia,0
788,Sumeria,0
789,Persia,0
790,Qin-Mandate-of-Heaven,0
791,Hungary,0
792,Qin-Mandate-of-Heaven,0
793,Genghis-Khan,0
794,Germany,0
795,Byzantium,0
796,Australia,0
797,Brazil,0
798,Norway,0
799,Victoria,0
800,Gaul,0
801,Tokugawa,0
802,Qin-Mandate-of-Heaven,0
803,Khmer,0
804,Qin-Mandate-of-Heaven,0
805,Spain,0
806,Korea,0
807,Eleanor-En,0
808,Germany,0
809,Brazil,0
810,Qin-Mandate-of-Heaven,0
811,Hungary,0
812,Gorgo,0
813,Georgia,0
814,Hungary,0
815,Mbande,0
816,Genghis-Khan,0
817,Persia,0
818,Qin-Mandate-of-Heaven,0
819,Khmer,0
820,Norway,0
821,Norway,0
822,Cree,0
823,Pericles,0
824,Germany,0
825,Germany,0
826,Nader-Shah,0
827,Phoenicia,0
828,Suleiman-Kanuni,0
829,Poland,0
830,Netherlands,0
831,Cree,0
832,Mvemba-a-Nzinga,0
833,Gaul,0
834,Maya,0
835,Byzantium,0
836,Brazil,0
837,Sundiata-Keita,0
838,Aztec,0
839,Norway,0
840,Brazil,0
841,Norway,0
842,Saladin-Vizier,0
843,Norway,0
844,Qin-Unifier,0
845,Qin-Mandate-of-Heaven,0
846,Spain,0
847,Babylon,0
848,Brazil,0
849,Gaul,0
850,Georgia,0
851,Victoria age of steam,0
852,Sumeria,0
853,Spain,0
854,Victoria,0
855,Canada,0
856,Russia,0
857,Gorgo,0
858,Sundiata-Keita,0
859,Sundiata-Keita,0
860,Mapuche,0
861,Canada,0
862,Qin-Mandate-of-Heaven,0
863,Vietnam,0
864,Gaul,0
865,Germany,0
866,Qin-Mandate-of-Heaven,0
867,Victoria age of steam,0
868,Cree,0
869,Qin-Mandate-of-Heaven,0
870,Theodora,0
871,Mbande,0
872,Phoenicia,0
873,Mbande,0
874,Babylon,0
875,Gandhi,0
876,Gorgo,0
877,Babylon,0
878,Gaul,0
879,Germany,0
880,Harald-Varangian,0
881,Sumeria,0
882,Sumeria,0
883,Babylon,0
884,Suleiman-Kanuni,0
885,Qin-Mandate-of-Heaven,0
886,Poland,0
887,Chandragupta,0
888,Spain,0
889,Persia,0
890,Poland,0
891,Babylon,0
892,Suleiman-Kanuni,0
893,Eleanor-En,0
894,Suleiman-Kanuni,0
895,Victoria age of steam,0
896,ElizabethI,0
897,Suleiman-Kanuni,0
898,Norway,0
899,Chandragupta,0
900,Cree,0
901,Portugal,0
902,Russia,0
903,Indonesia,0
904,Harald-Varangian,0
905,Cree,0
906,Victoria,0
907,Macedon,0
908,Suleiman-Kanuni,0
909,Poland,0
910,Phoenicia,0
911,Hojo-Tokimune,0
912,Mali,0
913,Gorgo,0
914,Aztec,0
915,Scotland,0
916,Scotland,0
917,Byzantium,0
918,Qin-Mandate-of-Heaven,0
919,Qin-Mandate-of-Heaven,0
920,Kublai-Mongolia,0
921,Babylon,0
922,Gaul,0
923,Qin-Mandate-of-Heaven,0
924,Vietnam,0
925,Ludwig,0
926,Yongle,0
927,Spain,0
928,Georgia,0
929,Chandragupta,0
930,Russia,0
931,Victoria,0
932,Victoria,0
933,Russia,0
934,Eleanor-En,0
935,Babylon,0
936,Vietnam,0
937,Zulu,0
938,Mali,0
939,Aztec,0
940,Germany,0
941,Macedon,0
942,Khmer,0
943,Chandragupta,0
944,Qin-Mandate-of-Heaven,0
945,Cree,0
946,Gorgo,0
947,ElizabethI,0
948,Eleanor-En,0
949,Abraham-Lincoln,0
950,Phoenicia,0
951,Netherlands,0
952,Scythia,0
953,Suleiman-Kanuni,0
954,Gaul,0
955,Victoria,0
956,Qin-Mandate-of-Heaven,0
957,Netherlands,0
958,Zulu,0
959,Sejong,0
960,Babylon,0
961,Russia,0
962,Australia,0
963,Babylon,0
964,Phoenicia,0
965,Sundiata-Keita,0
966,Theodora,0
967,Catherine-Magnificence,0
968,Catherine-Magnificence,0
969,Aztec,0
970,Suleiman-Muhtesem,0
971,Chandragupta,0
972,Victoria,0
973,Hojo-Tokimune,0
974,Spain,0
975,Kublai-China,0
976,Genghis-Khan,0
977,Maori,0
978,Qin-Mandate-of-Heaven,0
979,Kublai-Mongolia,0
980,Teddy-BM,0
981,Eleanor-Fr,0
982,Germany,0
983,Khmer,0
984,Victoria,0
985,Persia,0
986,Chandragupta,0
987,Teddy-BM,0
988,Tokugawa,0
989,Qin-Mandate-of-Heaven,0
990,Qin-Unifier,0
991,Qin-Mandate-of-Heaven,0
992,Germany,0
993,Poland,0
994,Gaul,0
995,Victoria age of steam,0
996,Netherlands,0
997,Hojo-Tokimune,0
998,Portugal,0
999,Harald-Varangian,0
1000,Phoenicia,0
1001,Netherlands,0
1002,Portugal,0
1003,Saladin-Vizier,0
1004,Brazil,0
1005,Gaul,0
1006,Yongle,0
1007,ElizabethI,0
1008,Russia,0
1009,Babylon,0
1010,Kublai-China,0
1011,Spain,0
1012,Nader-Shah,0
1013,Pericles,0
1014,Georgia,0
1015,Portugal,0
1016,Chandragupta,0
1017,Portugal,0
1018,Maori,0
1019,Saladin-Vizier,0
1020,Portugal,0
1021,Victoria age of steam,0
1023,Mbande,0
1024,Victoria age of steam,0
1025,Mbande,0
1026,Mbande,0
1027,Rome,0
1028,Khmer,0
1029,Egypt,0
1030,Qin-Mandate-of-Heaven,0
1031,Germany,0
1032,Victoria age of steam,0
1033,Inca,0
1034,Nubia,0
1035,Harald-Varangian,0
1036,Netherlands,0
1037,Qin-Mandate-of-Heaven,0
1038,Brazil,0
1039,Mali,0
1040,Brazil,0
1041,Portugal,0
1042,Suleiman-Muhtesem,0
1043,Qin-Mandate-of-Heaven,0
1044,Russia,0
1045,Nader-Shah,0
1046,Nubia,0
1047,Catherine-Magnificence,0
1048,Theodora,0
1049,Qin-Mandate-of-Heaven,0
1050,Tokugawa,0
1051,Mali,0
1052,Qin-Mandate-of-Heaven,0
1053,Qin-Mandate-of-Heaven,0
1054,Australia,0
1055,Russia,0
1056,Ethiopia,0
1057,Theodora,0
1058,Victoria age of steam,0
1059,Babylon,0
1060,Pericles,0
1061,Suleiman-Kanuni,0
1062,Gorgo,0
1063,Victoria age of steam,0
1064,Hojo-Tokimune,0
1065,Hojo-Tokimune,0
1066,ElizabethI,0
1067,Persia,0
1068,Vietnam,0
1069,Suleiman-Muhtesem,0
1070,Eleanor-En,0
1071,Phoenicia,0
1072,Canada,0
1073,Rome,0
1074,Netherlands,0
1075,Mvemba-a-Nzinga,0
1076,ElizabethI,0
1077,Chandragupta,0
1078,Eleanor-Fr,0
1079,Canada,0
1080,Persia,0
1081,Netherlands,0
1082,ElizabethI,0
1083,Qin-Mandate-of-Heaven,0
1084,Zulu,0
1085,Spain,0
1086,Abraham-Lincoln,0
1087,Cree,0
1088,Qin-Mandate-of-Heaven,0
1089,Hungary,0
1090,Babylon,0
1091,Suleiman-Muhtesem,0
1092,Qin-Mandate-of-Heaven,0
1093,Scotland,0
1094,Macedon,0
1095,Scythia,0
1096,Aztec,0
1097,Sundiata-Keita,0
1098,Russia,0
1099,Phoenicia,0
1100,Babylon,0
1101,Canada,0
1102,Tokugawa,0
1103,Russia,0
1104,Victoria age of steam,0
1105,Norway,0
1106,Victoria,0
1107,Chandragupta,0
1108,Hungary,0
1109,Chandragupta,0
1110,Brazil,0
1111,Rome,0
1112,Khmer,0
1113,Qin-Mandate-of-Heaven,0
1114,Ethiopia,0
1115,Kublai-Mongolia,0
1116,Cree,0
1117,Gandhi,0
1118,Nader-Shah,0
1119,Hojo-Tokimune,0
1120,Scotland,0
1121,Spain,0
1122,Kublai-Mongolia,0
1123,Russia,0
1124,Brazil,0
1125,Georgia,0
1126,Russia,0
1127,Macedon,0
1128,Russia,0
1129,Brazil,0
1130,Mbande,0
1131,Kublai-Mongolia,0
1132,Qin-Mandate-of-Heaven,0
1133,Netherlands,0
1134,Russia,0
1135,Gran-Colombia,0
1136,Germany,0
1137,Victoria age of steam,0
1138,Victoria age of steam,0
1139,Victoria age of steam,0
1140,Persia,0
1141,Phoenicia,0
1142,Maori,0
1143,Nader-Shah,0
1144,Gaul,0
1145,Netherlands,0
1146,Victoria,0
1147,Korea,0
1148,Suleiman-Muhtesem,0
1149,Cree,0
1150,Abraham-Lincoln,0
1151,Victoria age of steam,0
1152,Chandragupta,0
1153,Persia,0
1154,Sundiata-Keita,0
1155,Hungary,0
1156,Inca,0
1157,Gorgo,0
1158,Chandragupta,0
1159,Gran-Colombia,0
1160,Chandragupta,0
1161,Egypt,0
1162,Qin-Mandate-of-Heaven,0
1163,Qin-Mandate-of-Heaven,0
1164,Hojo-Tokimune,0
1165,Eleanor-En,0
1166,Rome,0
1167,Qin-Mandate-of-Heaven,0
1168,Victoria,0
1169,Kublai-Mongolia,0
1170,Maya,0
1171,Cree,0
1172,Phoenicia,0
1173,ElizabethI,0
1174,Gaul,0
1175,Hungary,0
1176,Gorgo,0
1177,Qin-Mandate-of-Heaven,0
1178,Canada,0
1179,Gran-Colombia,0
1180,Victoria,0
1181,Netherlands,0
1182,Cree,0
1183,Harald-Varangian,0
1184,Qin-Mandate-of-Heaven,0
1185,Victoria,0
1186,Kublai-Mongolia,0
1187,Gandhi,0
1188,Teddy-RR,0
1189,Victoria age of steam,0
1190,Harald-Varangian,0
1191,Hungary,0
1192,Canada,0
1193,Brazil,0
1194,Canada,0
1195,Spain,0
1196,Indonesia,0
1197,Portugal,0
1198,Victoria age of steam,0
1199,Russia,0
1200,ElizabethI,0
1201,Canada,0
1202,Germany,0
1203,Ptolemaic-Cleopatra,0
1204,Australia,0
1205,Qin-Mandate-of-Heaven,0
1206,Victoria,0
1207,Kublai-Mongolia,0
1208,Qin-Mandate-of-Heaven,0
1209,Catherine-Magnificence,0
1210,Suleiman-Kanuni,0
1211,Hungary,0
1212,Egypt,0
1213,Aztec,0
1214,Suleiman-Muhtesem,0
1215,Suleiman-Muhtesem,0
1216,Mbande,0
1217,Ptolemaic-Cleopatra,0
1218,Spain,0
1219,Phoenicia,0
1220,Aztec,0
1221,Indonesia,0
1222,Brazil,0
1223,Nader-Shah,0
1224,Sejong,0
1225,Spain,0
1226,Ethiopia,0
1227,Qin-Mandate-of-Heaven,0
1228,Portugal,0
1229,Russia,0
1230,Georgia,0
1231,Korea,0
1232,Portugal,0
1233,Rome,0
1234,Catherine-Magnificence,0
1235,Nader-Shah,0
1236,Australia,0
1237,Khmer,0
1238,Poland,0
1239,Cree,0
1240,Nubia,0
1241,Abraham-Lincoln,0
1242,Teddy-RR,0
1243,Nader-Shah,0
1244,Maori,0
1245,Canada,0
1246,Germany,0
1247,Rome,0
1248,Hojo-Tokimune,0
1249,Hungary,0
1250,Qin-Mandate-of-Heaven,0
1251,Spain,0
1252,Victoria,0
1253,Qin-Mandate-of-Heaven,0
1254,Suleiman-Muhtesem,0
1255,Qin-Mandate-of-Heaven,0
1256,Nubia,0
1257,Phoenicia,0
1258,Germany,0
1259,Rome,0
1260,Georgia,0
1261,Catherine-BQ,0
1262,Yongle,0
1263,Scotland,0
1264,Sejong,0
1265,Saladin-Vizier,0
1266,Sumeria,0
1267,Qin-Unifier,0
1268,Sumeria,0
1269,Suleiman-Kanuni,0
1270,Australia,0
1271,Qin-Mandate-of-Heaven,0
1272,Inca,0
1273,Chandragupta,0
1274,Russia,0
1275,Persia,0
1276,Victoria,0
1277,Germany,0
1278,Kublai-Mongolia,0
1279,Georgia,0
1280,Chandragupta,0
1281,Victoria,0
1282,Saladin-Vizier,0
1283,Korea,0
1284,Sundiata-Keita,0
1285,Spain,0
1286,Scotland,0
1287,Abraham-Lincoln,0
1288,Qin-Mandate-of-Heaven,0
1289,Canada,0
1290,Khmer,0
1291,Russia,0
1292,Eleanor-En,0
1293,Eleanor-En,0
1294,Kublai-Mongolia,0
1295,Scotland,0
1296,Hungary,0
1297,Babylon,0
1298,Babylon,0
1299,Spain,0
1300,Russia,0
1301,Ludwig,0
1302,Cree,0
1303,Tokugawa,0
1304,Harald-Varangian,0
1305,Germany,0
1306,Babylon,0
1307,Norway,0
1308,Ethiopia,0
1309,Tokugawa,0
1310,Kublai-Mongolia,0
1311,Georgia,0
1312,Qin-Mandate-of-Heaven,0
1313,Brazil,0
1314,Cree,0
1315,Canada,0
1316,Cree,0
1317,Netherlands,0
1318,Kublai-Mongolia,0
1319,Norway,0
1320,Russia,0
1321,Gaul,0
1322,Khmer,0
1323,Gorgo,0
1324,Byzantium,0
1325,Brazil,0
1326,Victoria age of steam,0
1327,Hungary,0
1328,Sumeria,0
1329,Khmer,0
1330,Poland,0
1331,Qin-Mandate-of-Heaven,0
1332,Russia,0
1333,Gaul,0
1334,Indonesia,0
1335,Sundiata-Keita,0
1336,Korea,0
1337,Gorgo,0
1338,Suleiman-Muhtesem,0
1339,Gorgo,0
1340,Kublai-China,0
1341,Suleiman-Muhtesem,0
1342,Sejong,0
1343,Spain,0
1344,Ethiopia,0
1345,Brazil,0
1346,Netherlands,0
1347,Theodora,0
1348,Macedon,0
1349,Sumeria,0
1350,Suleiman-Kanuni,0
1351,Qin-Mandate-of-Heaven,0
1352,Aztec,0
1353,Germany,0
1354,Inca,0
1355,Canada,0
1356,Nubia,0
1357,Spain,0
1358,Qin-Mandate-of-Heaven,0
1359,Sumeria,0
1360,Spain,0
1361,Ludwig,0
1362,Georgia,0
1363,Sumeria,0
1364,Ethiopia,0
1365,Suleiman-Kanuni,0
1366,Poland,0
1367,Netherlands,0
1368,Suleiman-Muhtesem,0
1369,Mbande,0
1370,Russia,0
1371,Egypt,0
1372,Eleanor-En,0
1373,Saladin-Vizier,0
1374,Suleiman-Muhtesem,0
1376,Cree,0
1377,Hojo-Tokimune,0
1378,Inca,0
1379,Canada,0
1380,Aztec,0
1381,Portugal,0
1382,Canada,0
1383,Eleanor-En,0
1384,Georgia,0
1385,Catherine-Magnificence,0
1386,Rome,0
1387,Gaul,0
1388,Hungary,0
1389,Genghis-Khan,0
1390,Kublai-Mongolia,0
1391,Aztec,0
1392,Qin-Mandate-of-Heaven,0
1393,Kublai-Mongolia,0
1394,Qin-Mandate-of-Heaven,0
1395,Netherlands,0
1396,Australia,0
1397,Hungary,0
1398,Qin-Mandate-of-Heaven,0
1399,Brazil,0
1400,Hungary,0
1401,Gaul,0
1402,Russia,0
1403,Suleiman-Kanuni,0
1404,Australia,0
1405,Qin-Mandate-of-Heaven,0
1406,Qin-Mandate-of-Heaven,0
1407,Brazil,0
1408,Chandragupta,0
1409,Chandragupta,0
1410,Mbande,0
1411,Spain,0
1412,Russia,0
1413,Qin-Mandate-of-Heaven,0
1414,Russia,0
1415,Victoria age of steam,0
1416,Hojo-Tokimune,0
1417,Pericles,0
1418,Eleanor-En,0
1419,Khmer,0
1420,Aztec,0
1421,Qin-Mandate-of-Heaven,0
1422,Australia,0
1423,Vietnam,0
1424,Gandhi,0
1425,Persia,0
1426,Aztec,0
1427,Harald-Varangian,0
1428,Qin-Mandate-of-Heaven,0
1429,Kublai-China,0
1430,Theodora,0
1431,Rome,0
1432,Georgia,0
1433,Sejong,0
1434,Sumeria,0
1435,Zulu,0
1436,Cree,0
1437,Victoria age of steam,0
1438,Norway,0
1439,Suleiman-Kanuni,0
1440,Spain,0
1441,Hojo-Tokimune,0
1442,Suleiman-Muhtesem,0
1443,Spain,0
1444,Victoria,0
1445,Portugal,0
1446,Gorgo,0
1447,Egypt,0
1448,Yongle,0
1449,Rome,0
1450,Chandragupta,0
1451,Phoenicia,0
1452,Tokugawa,0
1453,Suleiman-Kanuni,0
1454,Gaul,0
1455,Egypt,0
1456,Mvemba-a-Nzinga,0
1457,Mali,0
1458,Ludwig,0
1459,Suleiman-Muhtesem,0
1460,Scotland,0
1461,Saladin-Vizier,0
1462,Mali,0
1463,Khmer,0
1464,Gandhi,0
1465,Victoria age of steam,0
1466,Hungary,0
1467,Victoria,0
1468,Theodora,0
1469,Aztec,0
1470,Portugal,0
1471,Ethiopia,0
1472,Mali,0
1473,Cree,0
1474,Qin-Mandate-of-Heaven,0
1475,Kublai-China,0
1476,Victoria,0
1477,Portugal,0
1478,Norway,0
1479,Gaul,0
1480,Mbande,0
1481,Nubia,0
1482,Rome,0
1483,Chandragupta,0
1484,Australia,0
1485,Kublai-Mongolia,0
1486,Rome,0
1487,Tokugawa,0
1488,Aztec,0
1489,Eleanor-En,0
1490,Eleanor-En,0
1491,Georgia,0
1492,Gaul,0
1493,Chandragupta,0
1494,Sumeria,0
1495,Harald-Varangian,0
1496,Qin-Mandate-of-Heaven,0
1497,Qin-Unifier,0
1498,Phoenicia,0
1499,Germany,0
1500,Brazil,0
1501,Qin-Mandate-of-Heaven,0
1502,Victoria,0
1503,Spain,0
1504,Pericles,0
1505,Inca,0
1506,Germany,0
1507,Phoenicia,0
1508,Russia,0
1509,Persia,0
1510,Nubia,0
1511,Poland,0
1512,Norway,0
1513,Qin-Mandate-of-Heaven,0
1514,Hojo-Tokimune,0
1515,Qin-Mandate-of-Heaven,0
1516,Germany,0
1517,Portugal,0
1518,Eleanor-Fr,0
1519,Maori,0
1520,Hojo-Tokimune,0
1521,Theodora,0
1522,Poland,0
1523,Egypt,0
1524,Gorgo,0
1525,Brazil,0
1526,Brazil,0
1527,Hungary,0
1528,Brazil,0
1529,Qin-Mandate-of-Heaven,0
1530,Germany,0
1531,Catherine-Magnificence,0
1532,Qin-Mandate-of-Heaven,0
1533,Maya,0
1534,Victoria age of steam,0
1535,Eleanor-Fr,0
1536,Pericles,0
1537,Canada,0
1538,Russia,0
1539,Netherlands,0
1540,Zulu,0
1541,Australia,0
1543,Khmer,0
1544,Germany,0
1545,Georgia,0
1546,Canada,0
1547,Kublai-China,0
1548,Hojo-Tokimune,0
1549,Macedon,0
1550,Canada,0
1551,Qin-Mandate-of-Heaven,0
1552,Scythia,0
1553,Catherine-Magnificence,0
1554,Poland,0
1555,Victoria age of steam,0
1556,Qin-Mandate-of-Heaven,0
1557,Portugal,0
1558,Byzantium,0
1559,Qin-Mandate-of-Heaven,0
1560,Eleanor-En,0
1561,Scythia,0
1562,Russia,0
1563,Saladin-Vizier,0
1564,Gandhi,0
1565,Cree,0
1566,Korea,0
1567,Phoenicia,0
1568,Persia,0
1569,Spain,0
1570,Poland,0
1571,Spain,0
1572,Portugal,0
1573,Victoria age of steam,0
1574,Tokugawa,0
1575,Eleanor-En,0
1576,Netherlands,0
1577,Phoenicia,0
1578,Victoria age of steam,0
1579,Germany,0
1580,Ramses,0
1581,Babylon,0
1582,Egypt,0
1583,Wu-Zetian,0
1584,Cree,0
1585,Russia,0
1586,Hungary,0
1587,ElizabethI,0
1588,Cree,0
1589,Korea,0
1590,Spain,0
1591,Cree,0
1592,Nader-Shah,0
1593,Qin-Mandate-of-Heaven,0
1594,Eleanor-Fr,0
1595,Gorgo,0
1596,Suleiman-Kanuni,0
1597,Gorgo,0
1598,Qin-Mandate-of-Heaven,0
1599,Georgia,0
1600,Suleiman-Muhtesem,0
1601,Harald-Varangian,0
1602,Brazil,0
1603,Kublai-China,0
1604,Sejong,0
1605,Portugal,0
1606,Cree,0
1607,Victoria age of steam,0
1608,ElizabethI,0
1609,Ramses,0
1610,Germany,0
1611,Hungary,0
1612,Suleiman-Muhtesem,0
1613,Georgia,0
1614,Qin-Mandate-of-Heaven,0
1615,Babylon,0
1616,Cree,0
1617,Chandragupta,0
1618,Macedon,0
1619,Spain,0
1620,Victoria age of steam,0
1621,Saladin-Vizier,0
1622,Rome,0
1623,Scythia,0
1624,Pericles,0
1625,Kublai-Mongolia,0
1626,Qin-Mandate-of-Heaven,0
1627,Rome,0
1628,Aztec,0
1629,Netherlands,0
1630,Victoria,0
1631,Sundiata-Keita,0
1632,Russia,0
1633,Germany,0
1634,Gandhi,0
1635,Mbande,0
1636,Russia,0
1637,Cree,0
1638,Brazil,0
1639,Sejong,0
1640,Norway,0
1641,Harald-Varangian,0
1642,Mbande,0
1643,Harald-Varangian,0
1644,Ethiopia,0
1645,Qin-Mandate-of-Heaven,0
1646,Portugal,0
1647,Persia,0
1648,Qin-Mandate-of-Heaven,0
1649,Teddy-BM,0
1650,Gaul,0
1651,Qin-Mandate-of-Heaven,0
1652,Victoria,0
1653,Gaul,0
1654,Suleiman-Muhtesem,0
1655,Germany,0
1656,Eleanor-En,0
1657,Qin-Mandate-of-Heaven,0
1658,Germany,0
1659,Ethiopia,0
1660,Suleiman-Kanuni,0
1661,Scotland,0
1662,Scotland,0
1663,Brazil,0
1664,Theodora,0
1665,Germany,0
1666,Kublai-Mongolia,0
1667,Ethiopia,0
1668,Netherlands,0
1669,Rome,0
1670,Aztec,0
1671,Victoria,0
1672,Phoenicia,0
1673,Brazil,0
1674,Suleiman-Muhtesem,0
1675,Inca,0
1676,Scotland,0
1677,Australia,0
1678,Portugal,0
1679,Teddy-BM,0
1680,Rome,0
1681,Yongle,0
1682,Qin-Mandate-of-Heaven,0
1683,Georgia,0
1684,Cree,0
1685,Germany,0
1686,Hojo-Tokimune,0
1687,Persia,0
1688,Babylon,0
1689,Suleiman-Muhtesem,0
1690,Hojo-Tokimune,0
1691,Aztec,0
1692,Harald-Varangian,0
1693,Yongle,0
1694,Portugal,0
1695,Poland,0
1696,Suleiman-Kanuni,0
1697,Canada,0
1698,Inca,0
1699,Qin-Mandate-of-Heaven,0
1700,Germany,0
1701,Aztec,0
1702,Qin-Mandate-of-Heaven,0
1703,Babylon,0
1704,Kublai-Mongolia,0
1705,Gorgo,0
1706,Netherlands,0
1707,Teddy-BM,0
1708,ElizabethI,0
1709,Inca,0
1710,Brazil,0
1711,Brazil,0
1712,Cree,0
1713,Qin-Mandate-of-Heaven,0
1714,Qin-Mandate-of-Heaven,0
1715,Ludwig,0
1716,Yongle,0
1717,Eleanor-Fr,0
1718,Hungary,0
1719,Scythia,0
1720,Kublai-China,0
1721,Germany,0
1722,Spain,0
1723,Scythia,0
1724,Germany,0
1725,Hungary,0
1726,Korea,0
1727,Qin-Mandate-of-Heaven,0
1728,Rome,0
1729,Persia,0
1730,Byzantium,0
1731,Sundiata-Keita,0
1732,Victoria,0
1733,Ethiopia,0
1734,Scotland,0
1735,Brazil,0
1736,Germany,0
1737,Hungary,0
1738,Gorgo,0
1739,Qin-Mandate-of-Heaven,0
1740,Poland,0
1741,Inca,0
1742,Poland,0
1743,Cree,0
1744,Gorgo,0
1745,Cree,0
1746,Brazil,0
1747,Victoria age of steam,0
1748,Netherlands,0
1749,Ludwig,0
1750,Kublai-Mongolia,0
1751,Norway,0
1752,Hungary,0
1753,Gaul,0
1754,Vietnam,0
1755,Vietnam,0
1756,Nader-Shah,0
1757,Phoenicia,0
1758,Babylon,0
1759,Mbande,0
1760,Babylon,0
1761,Russia,0
1762,Qin-Mandate-of-Heaven,0
1763,Persia,0
1764,Nubia,0
1765,Germany,0
1766,Sumeria,0
1767,Byzantium,0
1768,Chandragupta,0
1769,Suleiman-Muhtesem,0
1770,Russia,0
1771,Rome,0
1772,Victoria,0
1773,Eleanor-Fr,0
1774,Sundiata-Keita,0
1775,Kublai-China,0
1776,Persia,0
1777,Sumeria,0
1778,Eleanor-En,0
1779,Cree,0
1780,Aztec,0
1781,Persia,0
1782,Julius-Caesar,0
1783,Ethiopia,0
1784,Brazil,0
1785,Kublai-Mongolia,0
1786,Babylon,0
1787,Canada,0
1788,Russia,0
1789,Portugal,0
1790,Macedon,0
1791,Russia,0
1792,Qin-Mandate-of-Heaven,0
1793,Canada,0
1794,Qin-Mandate-of-Heaven,0
1795,Qin-Mandate-of-Heaven,0
1796,Germany,0
1797,Persia,0
1798,Catherine-Magnificence,0
1799,Netherlands,0
1800,Germany,0
1801,Georgia,0
1802,Victoria,0
1803,Gandhi,0
1804,Saladin-Vizier,0
1805,Kublai-Mongolia,0
1806,Vietnam,0
1807,Brazil,0
1808,Maya,0
1809,Ethiopia,0
1810,Russia,0
1811,Qin-Mandate-of-Heaven,0
1812,Abraham-Lincoln,0
1813,Sundiata-Keita,0
1814,Saladin-Vizier,0
1815,Canada,0
1816,Victoria,0
1817,Brazil,0
1818,Ludwig,0
1819,Harald-Varangian,0
1820,Spain,0
1821,Rome,0
1822,Qin-Mandate-of-Heaven,0
1823,Rome,0
1824,Canada,0
1825,Qin-Mandate-of-Heaven,0
1826,Poland,0
1827,Eleanor-En,0
1828,Qin-Mandate-of-Heaven,0
1829,Qin-Mandate-of-Heaven,0
1830,Catherine-Magnificence,0
1831,Genghis-Khan,0
1832,Netherlands,0
1833,Qin-Mandate-of-Heaven,0
1834,Qin-Mandate-of-Heaven,0
1835,Cree,0
1836,Suleiman-Muhtesem,0
1837,Brazil,0
1838,Rome,0
1839,Victoria age of steam,0
1840,Kublai-China,0
1841,Inca,0
1842,Harald-Varangian,0
1843,Ludwig,0
1844,Russia,0
1845,Abraham-Lincoln,0
1846,Kublai-Mongolia,0
1847,Qin-Mandate-of-Heaven,0
1848,Hungary,0
1849,Harald-Varangian,0
1850,Kublai-China,0
1851,Poland,0
1852,Kublai-Mongolia,0
1853,Eleanor-En,0
1854,Hojo-Tokimune,0
1855,Khmer,0
1856,Suleiman-Muhtesem,0
1857,Qin-Mandate-of-Heaven,0
1858,Mvemba-a-Nzinga,0
1859,Persia,0
1860,Gaul,0
1861,ElizabethI,0
1862,Catherine-BQ,0
1863,Hungary,0
1864,Kublai-Mongolia,0
1865,Victoria age of steam,0
1866,Rome,0
1867,Rome,0
1868,Rome,0
1869,Poland,0
1870,Poland,0
1871,Netherlands,0
1872,Victoria,0
1873,Abraham-Lincoln,0
1874,Netherlands,0
1875,Inca,0
1876,Canada,0
1877,Hungary,0
1878,Qin-Mandate-of-Heaven,0
1879,Kublai-China,0
1880,Mbande,0
1881,Saladin-Vizier,0
1882,Hungary,0
1883,Nubia,0
1884,Hojo-Tokimune,0
1885,Cree,0
1886,Qin-Mandate-of-Heaven,0
1887,Cree,0
1888,Cree,0
1889,Abraham-Lincoln,0
1890,Netherlands,0
1891,Maya,0
1892,Qin-Mandate-of-Heaven,0
1893,Eleanor-Fr,0
1894,Qin-Mandate-of-Heaven,0
1895,Brazil,0
1896,Russia,0
1897,Qin-Mandate-of-Heaven,0
1898,Persia,0
1899,Inca,0
1900,Persia,0
1901,Vietnam,0
1902,Vietnam,0
1903,Netherlands,0
1904,Victoria,0
1905,Hojo-Tokimune,0
1906,Australia,0
1907,Australia,0
1908,Qin-Mandate-of-Heaven,0
1909,Tokugawa,0
1910,Harald-Varangian,0
1911,Gaul,0
1912,Canada,0
1913,Qin-Mandate-of-Heaven,0
1914,ElizabethI,0
1915,Inca,0
1916,Brazil,0
1917,Spain,0
1918,Nader-Shah,0
1919,Spain,0
1920,Indonesia,0
1921,Julius-Caesar,0
1922,Rome,0
1923,Germany,0
1924,Qin-Mandate-of-Heaven,0
1925,Julius-Caesar,0
1926,Sweden,0
1927,Spain,0
1928,Harald-Varangian,0
1929,Victoria,0
1930,Mbande,0
1931,Australia,0
1932,Zulu,0
1933,Russia,0
1934,Ethiopia,0
1935,Gandhi,0
1936,Victoria age of steam,0
1937,Phoenicia,0
1938,Netherlands,0
1939,Harald-Varangian,0
1940,Qin-Mandate-of-Heaven,0
1941,Tokugawa,0
1942,Suleiman-Muhtesem,0
1943,Gandhi,0
1944,Khmer,0
1945,Kublai-China,0
1946,Mbande,0
1947,Rome,0
1948,Indonesia,0
1949,Rome,0
1950,Maori,0
1951,Mali,0
1952,Suleiman-Kanuni,0
1953,Georgia,0
1954,Ramses,0
1955,Sejong,0
1956,Scythia,0
1957,Poland,0
1958,Gandhi,0
1959,Qin-Mandate-of-Heaven,0
1960,Georgia,0
1961,Victoria,0
1962,Babylon,0
1963,Gandhi,0
1964,Gorgo,0
1965,Georgia,0
1966,Victoria age of steam,0
1967,Suleiman-Muhtesem,0
1968,Cree,0
1969,Ethiopia,0
1970,Hojo-Tokimune,0
1971,Gaul,0
1972,Ptolemaic-Cleopatra,0
1973,Brazil,0
1974,Qin-Mandate-of-Heaven,0
1975,Canada,0
1976,Russia,0
1977,Gandhi,0
1978,Chandragupta,0
1979,Canada,0
1980,Canada,0
1981,Kublai-China,0
1982,Babylon,0
1983,Chandragupta,0
1984,Germany,0
1985,Babylon,0
1986,Babylon,0
1987,Kublai-Mongolia,0
1988,Cree,0
1989,Suleiman-Muhtesem,0
1990,Gorgo,0
1991,Chandragupta,0
1992,Aztec,0
1993,Spain,0
1994,Sejong,0
1995,Hungary,0
1996,Rome,0
1997,Inca,0
1998,Egypt,0
1999,Qin-Mandate-of-Heaven,0
2000,Portugal,0
2001,Mbande,0
2002,Egypt,0
2003,Chandragupta,0
2004,Nubia,0
2005,Maya,0
2006,Teddy-BM,0
2007,Wu-Zetian,0
2008,Australia,0
2009,Brazil,0
2010,Catherine-BQ,0
2011,Ludwig,0
2012,Spain,0
2013,Victoria,0
2014,Germany,0
2015,Germany,0
2016,Indonesia,0
2017,Qin-Mandate-of-Heaven,0
2018,Qin-Mandate-of-Heaven,0
2019,Norway,0
2020,Norway,0
2021,Catherine-Magnificence,0
2022,Nubia,0
2023,Catherine-Magnificence,0
2024,Eleanor-En,0
2025,Pericles,0
2026,Maori,0
2027,Gaul,0
2028,Gaul,0
2029,Netherlands,0
2030,Kublai-China,0
2031,Inca,0
2032,Brazil,0
2033,Korea,0
2034,Scotland,0
2035,Nubia,0
2036,Canada,0
2037,Mbande,0
2038,Ludwig,0
2039,Poland,0
2040,Abraham-Lincoln,0
2041,Abraham-Lincoln,0
2042,Gaul,0
2043,Scotland,0
2044,Vietnam,0
2045,Gran-Colombia,0
2046,Teddy-BM,0
2047,Qin-Mandate-of-Heaven,0
2048,Yongle,0
2049,Ludwig,0
2050,Rome,0
2051,Victoria age of steam,0
2052,Ludwig,0
2053,Qin-Mandate-of-Heaven,0
2054,Kublai-China,0
2055,Cree,0
2056,Qin-Mandate-of-Heaven,0
2057,Khmer,0
2058,Kublai-Mongolia,0
2059,Russia,0
2060,Portugal,0
2061,Germany,0
2062,Canada,0
2063,ElizabethI,0
2064,Phoenicia,0
2065,Kublai-China,0
2066,Germany,0
2067,Kublai-China,0
2068,Chandragupta,0
2069,Poland,0
2070,Genghis-Khan,0
2071,Harald-Varangian,0
2072,Georgia,0
2073,Suleiman-Kanuni,0
2074,Abraham-Lincoln,0
2075,Suleiman-Kanuni,0
2076,Nader-Shah,0
2077,Suleiman-Kanuni,0
2078,Qin-Unifier,0
2079,Nubia,0
2080,Suleiman-Kanuni,0
2081,Egypt,0
2082,Sumeria,0
2083,Russia,0
2084,Victoria,0
2085,Suleiman-Kanuni,0
2086,Pericles,0
2087,Qin-Mandate-of-Heaven,0
2088,Phoenicia,0
2089,Abraham-Lincoln,0
2090,Russia,0
2091,Babylon,0
2092,Persia,0
2093,Aztec,0
2094,Teddy-BM,0
2095,Babylon,0
2096,Russia,0
2097,Harald-Varangian,0
2098,Ramses,0
2099,Rome,0
2100,Chandragupta,0
2101,Kublai-China,0
2102,Rome,0
2103,Netherlands,0
2104,Victoria age of steam,0
2105,Norway,0
2106,Phoenicia,0
2107,Chandragupta,0
2108,Inca,0
2109,Qin-Mandate-of-Heaven,0
2110,Saladin-Sultan,0
2111,Sumeria,0
2112,Ptolemaic-Cleopatra,0
2113,Ethiopia,0
2114,Babylon,0
2115,Poland,0
2116,Catherine-Magnificence,0
2117,Qin-Mandate-of-Heaven,0
2118,Victoria,0
2119,Harald-Varangian,0
2120,Qin-Mandate-of-Heaven,0
2121,Norway,0
2122,Aztec,0
2123,Rome,0
2124,Qin-Mandate-of-Heaven,0
2125,Vietnam,0
2126,Khmer,0
2127,Hungary,0
2128,Catherine-Magnificence,0
2129,Ludwig,0
2130,Suleiman-Kanuni,0
2131,Victoria age of steam,0
2132,Gaul,0
2133,Phoenicia,0
2134,Ludwig,0
2135,Netherlands,0
2136,Indonesia,0
2137,Suleiman-Muhtesem,0
2138,Egypt,0
2139,Qin-Mandate-of-Heaven,0
2140,Phoenicia,0
2141,Egypt,0
2142,Abraham-Lincoln,0
2143,Vietnam,0
2144,Victoria age of steam,0
2145,Georgia,0
2146,Germany,0
2147,Korea,0
2148,Sumeria,0
2149,Cree,0
2150,Suleiman-Kanuni,0
2151,Kublai-Mongolia,0
2152,Qin-Mandate-of-Heaven,0
2153,Canada,0
2154,Egypt,0
2155,Khmer,0
2156,Inca,0
2157,Vietnam,0
2158,Mbande,0
2159,Babylon,0
2160,Canada,0
2161,Brazil,0
2162,Aztec,0
2163,Gorgo,0
2164,Byzantium,0
2165,Babylon,0
2166,Kublai-China,0
2167,Hungary,0
2168,Poland,0
2169,Byzantium,0
2170,Suleiman-Muhtesem,0
2171,Phoenicia,0
2172,Qin-Mandate-of-Heaven,0
2173,Russia,0
2174,Hojo-Tokimune,0
2175,Nader-Shah,0
2176,Germany,0
2177,Teddy-RR,0
2178,Kublai-China,0
2179,Teddy-BM,0
2180,Yongle,0
2181,Qin-Mandate-of-Heaven,0
2182,Abraham-Lincoln,0
2183,Harald-Varangian,0
2184,Qin-Mandate-of-Heaven,0
2185,Ethiopia,0
2186,Hungary,0
2187,Cree,0
2188,Hungary,0
2189,Gandhi,0
2190,Babylon,0
2191,Victoria age of steam,0
2192,Hojo-Tokimune,0
2193,Qin-Mandate-of-Heaven,0
2194,Kublai-Mongolia,0
2195,Hojo-Tokimune,0
2196,Brazil,0
2197,Mvemba-a-Nzinga,0
2198,Brazil,0
2199,Nubia,0
2200,Theodora,0
2201,Korea,0
2202,Abraham-Lincoln,0
2203,Persia,0
2204,Qin-Mandate-of-Heaven,0
2205,Netherlands,0
2206,Zulu,0
2207,Eleanor-Fr,0
2208,Ethiopia,0
2209,Mbande,0
2210,Babylon,0
2211,Catherine-BQ,0
2212,Victoria age of steam,0
2213,Cree,0
2214,Scotland,0
2215,Korea,0
2216,Nubia,0
2217,Catherine-Magnificence,0
2218,Qin-Mandate-of-Heaven,0
2219,Ludwig,0
2220,Gorgo,0
2221,Qin-Mandate-of-Heaven,0
2222,Victoria,0
2223,Qin-Mandate-of-Heaven,0
2224,Canada,0
2225,Abraham-Lincoln,0
2226,Qin-Mandate-of-Heaven,0
2227,Inca,0
2228,Theodora,0
2229,Canada,0
2230,Qin-Mandate-of-Heaven,0
2231,Kublai-China,0
2232,Victoria,0
2233,Gorgo,0
2234,Gandhi,0
2235,Australia,0
2236,Poland,0
2237,Ethiopia,0
2238,Hungary,0
2239,Inca,0
2240,Saladin-Vizier,0
2241,Georgia,0
2242,Babylon,0
2243,Gandhi,0
2244,Scotland,0
2245,Qin-Mandate-of-Heaven,0
2246,Vietnam,0
2247,Qin-Mandate-of-Heaven,0
2248,Netherlands,0
2249,Ptolemaic-Cleopatra,0
2250,Netherlands,0
2251,Kublai-Mongolia,0
2252,Qin-Mandate-of-Heaven,0
2253,Ludwig,0
2254,Persia,0
2255,Nader-Shah,0
2256,Qin-Mandate-of-Heaven,0
2257,Brazil,0
2258,Canada,0
2259,Kublai-China,0
2260,Scotland,0
2261,Egypt,0
2262,Kublai-China,0
2263,Vietnam,0
2264,Norway,0
2265,Pericles,0
2266,Poland,0
2267,Wu-Zetian,0
2268,Teddy-BM,0
2269,Wu-Zetian,0
2270,Poland,0
2271,Inca,0
2272,Abraham-Lincoln,0
2273,Kublai-China,0
2274,Scotland,0
2275,Suleiman-Kanuni,0
2276,Gaul,0
2277,Qin-Mandate-of-Heaven,0
2278,Maya,0
2279,Canada,0
2280,Gaul,0
2281,Netherlands,0
2282,Mbande,0
2283,Kublai-China,0
2284,Germany,0
2285,Persia,0
2286,Nubia,0
2287,Kublai-Mongolia,0
2288,Genghis-Khan,0
2289,Babylon,0
2290,Poland,0
2291,Persia,0
2292,Germany,0
2293,Saladin-Vizier,0
2294,Suleiman-Kanuni,0
2295,Nubia,0
2296,Portugal,0
2297,Yongle,0
2298,Aztec,0
2299,Cree,0
2300,Khmer,0
2301,Nubia,0
2302,Gaul,0
2303,Qin-Mandate-of-Heaven,0
2304,Australia,0
2305,Aztec,0
2306,Qin-Mandate-of-Heaven,0
2307,Australia,0
2308,Cree,0
2309,Eleanor-En,0
2310,Suleiman-Kanuni,0
2311,Victoria age of steam,0
2312,Hungary,0
2313,Canada,0
2314,Suleiman-Kanuni,0
2315,Canada,0
2316,Georgia,0
2317,Cree,0
2318,Harald-Varangian,0
2319,Norway,0
2320,Sundiata-Keita,0
2321,Netherlands,0
2322,Suleiman-Kanuni,0
2323,Poland,0
2324,Abraham-Lincoln,0
2325,Pericles,0
2326,Gandhi,0
2327,Suleiman-Kanuni,0
2328,Aztec,0
2329,Aztec,0
2330,Gaul,0
2331,Chandragupta,0
2332,Poland,0
2333,Suleiman-Kanuni,0
2334,Hungary,0
2335,Netherlands,0
2336,Canada,0
2337,Scotland,0
2338,Qin-Mandate-of-Heaven,0
2339,Rome,0
2340,Russia,0
2341,Vietnam,0
2342,Gorgo,0
2343,Gandhi,0
2344,Cree,0
2345,Catherine-Magnificence,0
2346,Hojo-Tokimune,0
2347,Kublai-Mongolia,0
2348,Poland,0
2349,Saladin-Vizier,0
2350,Wu-Zetian,0
2351,Qin-Mandate-of-Heaven,0
2352,Germany,0
2353,Suleiman-Muhtesem,0
2354,Nader-Shah,0
2355,Eleanor-En,0
2356,Catherine-Magnificence,0
2357,Nader-Shah,0
2358,Saladin-Vizier,0
2359,Ethiopia,0
2360,Germany,0
2361,Germany,0
2362,Scotland,0
2363,Sweden,0
2365,Qin-Mandate-of-Heaven,0
2366,Hojo-Tokimune,0
2367,Sweden,0
2368,Netherlands,0
2369,Australia,0
2370,Brazil,0
2371,ElizabethI,0
2372,Sumeria,0
2373,Cree,0
2374,Indonesia,0
2375,Netherlands,0
2376,Cree,0
2377,Khmer,0
2378,Gorgo,0
2379,Australia,0
2380,Australia,0
2381,Saladin-Vizier,0
2382,Hungary,0
2383,Nader-Shah,0
2384,Mvemba-a-Nzinga,0
2385,Persia,0
2386,Nader-Shah,0
2387,Gorgo,0
2388,Maori,0
2389,Netherlands,0
2390,Babylon,0
2391,Hungary,0
2392,Teddy-BM,0
2393,Canada,0
2394,Cree,0
2395,Cree,0
2396,Brazil,0
2397,Australia,0
2398,Gran-Colombia,0
2399,Scythia,0
2400,Aztec,0
2401,Netherlands,0
2402,Saladin-Vizier,0
2403,Portugal,0
2404,Scythia,0
2405,Persia,0
2406,Netherlands,0
2407,Netherlands,0
2408,Norway,0
2409,Scythia,0
2410,Tokugawa,0
2411,Ethiopia,0
2412,Hojo-Tokimune,0
2413,Portugal,0
2414,Khmer,0
2415,ElizabethI,0
2416,Korea,0
2417,Aztec,0
2418,Ludwig,0
2419,Cree,0
2420,Nader-Shah,0
2421,Gaul,0
2422,Suleiman-Muhtesem,0
2423,Eleanor-En,0
2424,Gandhi,0
2425,Rome,0
2426,Indonesia,0
2427,Nader-Shah,0
2428,Victoria,0
2429,Norway,0
2430,Suleiman-Muhtesem,0
2431,Eleanor-En,0
2432,Georgia,0
2433,Suleiman-Muhtesem,0
2434,Sweden,0
2435,Hungary,0
2436,Portugal,0
2437,Hungary,0
2438,Korea,0
2439,Suleiman-Muhtesem,0
2440,Cree,0
2441,Canada,0
2442,Hungary,0
2443,Ludwig,0
2444,Maya,0
2445,Rome,0
2446,Saladin-Vizier,0
2447,Hungary,0
2448,Theodora,0
2449,Victoria,0
2450,Qin-Mandate-of-Heaven,0
2451,Germany,0
2452,Abraham-Lincoln,0
2453,Harald-Varangian,0
2454,Spain,0
2455,Ethiopia,0
2456,Qin-Mandate-of-Heaven,0
2457,Georgia,0
2458,Persia,0
2459,Suleiman-Kanuni,0
2460,Nader-Shah,0
2461,Australia,0
2462,Eleanor-En,0
2463,Aztec,0
2464,Rome,0
2465,Portugal,1
2466,Phoenicia,1
2467,Nader-Shah,1
2468,Abraham-Lincoln,1
2469,Catherine-Magnificence,1
2470,Macedon,1
2471,Gorgo,1
2472,Zulu,1
2473,Gorgo,1
2474,Persia,1
2475,Scythia,1
2476,Babylon,1
2477,Persia,1
2478,Netherlands,1
2479,Brazil,1
2480,Qin-Mandate-of-Heaven,1
2481,Persia,1
2483,Babylon,1
2484,Portugal,1
2485,Persia,1
2486,Qin-Mandate-of-Heaven,1
2487,Pericles,1
2488,Catherine-Magnificence,1
2489,Khmer,1
2490,Qin-Mandate-of-Heaven,1
2491,Maori,1
2492,Gaul,1
2493,Australia,1
2494,Qin-Mandate-of-Heaven,1
2495,Rome,1
2496,Nader-Shah,1
2497,Abraham-Lincoln,1
2498,Nubia,1
2499,Hojo-Tokimune,1
2500,Portugal,1
2501,Brazil,1
2502,Russia,1
2503,Persia,1
2504,Qin-Mandate-of-Heaven,1
2505,ElizabethI,1
2506,Phoenicia,1
2507,Persia,1
2508,Harald-Varangian,1
2509,Saladin-Vizier,1
2510,Pericles,1
2511,Babylon,1
2512,Australia,1
2513,Qin-Mandate-of-Heaven,1
2514,Vietnam,1
2515,Teddy-RR,1
2516,Brazil,1
2517,Teddy-BM,1
2518,Ludwig,1
2519,Aztec,1
2520,Canada,1
2521,Persia,1
2522,Germany,1
2523,Portugal,1
2524,Kublai-China,1
2525,Abraham-Lincoln,1
2527,Aztec,1
2528,Canada,1
2529,Rome,1
2530,Eleanor-En,1
2531,Chandragupta,1
2532,Pericles,1
2533,Kublai-Mongolia,1
2534,Qin-Mandate-of-Heaven,1
2535,Suleiman-Muhtesem,1
2536,Genghis-Khan,1
2537,Harald-Varangian,1
2538,Kublai-China,1
2539,Victoria age of steam,1
2540,Hojo-Tokimune,1
2541,Mbande,1
2542,Babylon,1
2543,Cree,1
2544,Australia,1
2545,Portugal,1
2546,Babylon,1
2547,Ptolemaic-Cleopatra,1
2548,Brazil,1
2549,Portugal,1
2550,Mbande,1
2551,Teddy-BM,1
2552,Suleiman-Kanuni,1
2553,Cree,1
2554,Hojo-Tokimune,1
2555,Ethiopia,1
2556,Catherine-Magnificence,1
2557,Catherine-Magnificence,1
2558,Netherlands,1
2559,Spain,1
2560,Qin-Mandate-of-Heaven,1
2561,Gaul,1
2562,Australia,1
2563,Qin-Mandate-of-Heaven,1
2564,Persia,1
2565,Wu-Zetian,1
2566,ElizabethI,1
2567,Ludwig,1
2568,Kublai-Mongolia,1
2569,Hungary,1
2570,Aztec,1
2571,ElizabethI,1
2572,Zulu,1
2573,Aztec,1
2574,Mbande,1
2575,Qin-Mandate-of-Heaven,1
2576,Norway,1
2577,Gorgo,1
2578,Sundiata-Keita,1
2579,Netherlands,1
2580,Teddy-BM,1
2581,Eleanor-Fr,1
2582,Nubia,1
2583,Babylon,1
2584,Gaul,1
2585,Cree,1
2586,Cree,1
2587,Russia,1
2588,Canada,1
2589,Victoria,1
2590,Qin-Mandate-of-Heaven,1
2591,Rome,1
2592,Brazil,1
2593,Qin-Mandate-of-Heaven,1
2594,Pericles,1
2595,Harald-Varangian,1
2596,Suleiman-Kanuni,1
2597,Chandragupta,1
2598,Scotland,1
2599,Suleiman-Kanuni,1
2600,Kublai-Mongolia,1
2601,Qin-Mandate-of-Heaven,1
2602,Brazil,1
2603,Qin-Mandate-of-Heaven,1
2604,Russia,1
2605,Qin-Mandate-of-Heaven,1
2606,Norway,1
2607,Ptolemaic-Cleopatra,1
2608,Portugal,1
2609,Kublai-Mongolia,1
2610,Gaul,1
2611,Egypt,1
2612,Saladin-Vizier,1
2613,Abraham-Lincoln,1
2614,Gaul,1
2615,Saladin-Sultan,1
2616,Canada,1
2617,Maori,1
2618,Brazil,1
2619,Hojo-Tokimune,1
2620,Qin-Mandate-of-Heaven,1
2621,Scythia,1
2622,Hungary,1
2623,Qin-Mandate-of-Heaven,1
2624,Vietnam,1
2625,Portugal,1
2626,Qin-Mandate-of-Heaven,1
2627,Qin-Mandate-of-Heaven,1
2628,Germany,1
2629,Kublai-Mongolia,1
2630,Rome,1
2631,Spain,1
2632,Saladin-Vizier,1
2633,Germany,1
2634,Cree,1
2635,Qin-Mandate-of-Heaven,1
2636,Nader-Shah,1
2637,Harald-Varangian,1
2638,Russia,1
2639,Abraham-Lincoln,1
2640,Maori,1
2641,Kublai-Mongolia,1
2642,Rome,1
2643,Eleanor-En,1
2644,Gorgo,1
2645,Brazil,1
2646,Ludwig,1
2647,Gaul,1
2648,Victoria age of steam,1
2649,Persia,1
2650,Kublai-Mongolia,1
2651,Eleanor-En,1
2652,Germany,1
2653,Australia,1
2654,Vietnam,1
2655,Nubia,1
2656,Brazil,1
2657,Eleanor-Fr,1
2658,Sundiata-Keita,1
2659,Maori,1
2660,Victoria age of steam,1
2661,Qin-Mandate-of-Heaven,1
2662,Victoria age of steam,1
2663,Saladin-Vizier,1
2664,Georgia,1
2665,Suleiman-Muhtesem,1
2666,Inca,1
2667,Korea,1
2668,Norway,1
2669,Victoria age of steam,1
2670,Russia,1
2671,Gandhi,1
2672,Victoria,1
2673,Vietnam,1
2674,Victoria,1
2675,Sejong,1
2676,Qin-Mandate-of-Heaven,1
2677,Hojo-Tokimune,1
2678,Inca,1
2679,Ramses,1
2680,Kublai-Mongolia,1
2681,Canada,1
2682,Ludwig,1
2683,Sejong,1
2684,Nader-Shah,1
2685,Nubia,1
2686,Vietnam,1
2687,Suleiman-Muhtesem,1
2688,Victoria age of steam,1
2689,Gandhi,1
2690,Wu-Zetian,1
2691,Australia,1
2692,Australia,1
2693,Germany,1
2694,Rome,1
2695,Saladin-Vizier,1
2696,Canada,1
2697,Indonesia,1
2698,Gorgo,1
2699,Gorgo,1
2700,Germany,1
2701,Qin-Mandate-of-Heaven,1
2702,Germany,1
2703,Inca,1
2704,Ludwig,1
2705,Teddy-BM,1
2706,Aztec,1
2707,Gaul,1
2708,Saladin-Vizier,1
2709,Chandragupta,1
2710,Cree,1
2711,Cree,1
2712,Inca,1
2713,Georgia,1
2714,Ludwig,1
2715,Russia,1
2716,Brazil,1
2717,Saladin-Vizier,1
2718,Suleiman-Kanuni,1
2719,Brazil,1
2720,Sejong,1
2721,Vietnam,1
2722,Eleanor-En,1
2723,Kublai-China,1
2724,Sweden,1
2725,Rome,1
2726,Mbande,1
2727,Canada,1
2728,Victoria,1
2729,Babylon,1
2730,Qin-Mandate-of-Heaven,1
2731,Byzantium,1
2732,Korea,1
2733,Pericles,1
2734,Germany,1
2735,Canada,1
2736,Qin-Mandate-of-Heaven,1
2737,Suleiman-Kanuni,1
2738,Netherlands,1
2739,Sejong,1
2740,Gaul,1
2741,Sweden,1
2742,Qin-Unifier,1
2743,Brazil,1
2744,Gaul,1
2745,Ethiopia,1
2746,Qin-Mandate-of-Heaven,1
2747,Teddy-BM,1
2748,Cree,1
2749,Canada,1
2750,Portugal,1
2751,Saladin-Vizier,1
2752,Canada,1
2753,Nubia,1
2754,Canada,1
2755,Cree,1
2756,Korea,1
2757,Germany,1
2758,Kublai-Mongolia,1
2759,Ramses,1
2760,Nader-Shah,1
2761,Nubia,1
2762,Eleanor-En,1
2763,Victoria,1
2764,Theodora,1
2765,Brazil,1
2766,Victoria age of steam,1
2767,Mapuche,1
2768,Macedon,1
2769,Gorgo,1
2770,Teddy-BM,1
2771,Victoria age of steam,1
2772,Khmer,1
2773,Persia,1
2774,Hojo-Tokimune,1
2775,Phoenicia,1
2776,Canada,1
2777,Portugal,1
2778,Sumeria,1
2779,Qin-Mandate-of-Heaven,1
2780,Korea,1
2781,Canada,1
2782,Spain,1
2783,Ludwig,1
2784,Nubia,1
2785,Qin-Mandate-of-Heaven,1
2786,Korea,1
2787,Teddy-BM,1
2788,Qin-Mandate-of-Heaven,1
2789,Qin-Mandate-of-Heaven,1
2790,Suleiman-Kanuni,1
2791,Gaul,1
2792,Suleiman-Muhtesem,1
2793,Suleiman-Muhtesem,1
2794,Suleiman-Kanuni,1
2795,Norway,1
2796,Scotland,1
2797,Egypt,1
2798,Teddy-BM,1
2799,Egypt,1
2800,Kublai-Mongolia,1
2801,Qin-Mandate-of-Heaven,1
2802,Saladin-Vizier,1
2803,Saladin-Vizier,1
2804,Pericles,1
2805,Chandragupta,1
2806,Qin-Mandate-of-Heaven,1
2807,Qin-Mandate-of-Heaven,1
2808,Saladin-Vizier,1
2809,Saladin-Sultan,1
2810,Gandhi,1
2811,Mali,1
2812,Kublai-Mongolia,1
2813,Germany,1
2814,Rome,1
2815,Cree,1
2816,Byzantium,1
2817,Poland,1
2818,Ludwig,1
2819,Saladin-Vizier,1
2820,Cree,1
2821,Theodora,1
2822,Rome,1
2823,Ramses,1
2824,Qin-Mandate-of-Heaven,1
2825,Suleiman-Kanuni,1
2826,Rome,1
2827,Portugal,1
2828,Victoria,1
2829,Hojo-Tokimune,1
2830,Cree,1
2831,Australia,1
2832,Sundiata-Keita,1
2833,Catherine-Magnificence,1
2834,Cree,1
2835,ElizabethI,1
2836,Mali,1
2837,Suleiman-Kanuni,1
2838,Suleiman-Kanuni,1
2839,Canada,1
2840,Persia,1
2841,Babylon,1
2842,Germany,1
2843,Mapuche,1
2844,Yongle,1
2845,Australia,1
2846,Brazil,1
2847,Scotland,1
2848,Brazil,1
2849,Khmer,1
2850,Pericles,1
2851,Ethiopia,1
2852,Germany,1
2853,Canada,1
2854,Canada,1
2855,Nubia,1
2856,Gaul,1
2857,Victoria,1
2858,Brazil,1
2859,Khmer,1
2860,Babylon,1
2861,Aztec,1
2862,Zulu,1
2863,Abraham-Lincoln,1
2864,Teddy-BM,1
2865,Australia,1
2866,Victoria,1
2867,Australia,1
2868,Egypt,1
2869,Russia,1
2870,Hungary,1
2871,Canada,1
2872,Yongle,1
2873,Persia,1
2874,Qin-Mandate-of-Heaven,1
2875,Gaul,1
2876,Babylon,1
2877,Nader-Shah,1
2878,Nader-Shah,1
2879,Gorgo,1
2880,Persia,1
2881,Chandragupta,1
2882,Rome,1
2883,Gandhi,1
2884,Maori,1
2885,Portugal,1
2886,Australia,1
2887,Maya,1
2888,Maya,1
2889,Qin-Mandate-of-Heaven,1
2890,Phoenicia,1
2891,Australia,1
2892,Spain,1
2893,Gaul,1
2894,Australia,1
2895,Mbande,1
2896,Victoria,1
2897,Germany,1
2898,Ludwig,1
2899,Egypt,1
2900,Brazil,1
2901,Suleiman-Kanuni,1
2902,Qin-Mandate-of-Heaven,1
2903,Netherlands,1
2904,Kublai-China,1
2905,Abraham-Lincoln,1
2906,Spain,1
2907,Canada,1
2908,Victoria,1
2909,Qin-Mandate-of-Heaven,1
2910,Macedon,1
2911,Abraham-Lincoln,1
2912,Teddy-BM,1
2913,Australia,1
2914,Germany,1
2915,Saladin-Vizier,1
2916,Canada,1
2917,Georgia,1
2918,Victoria age of steam,1
2919,Victoria,1
2920,Qin-Mandate-of-Heaven,1
2921,Russia,1
2922,Indonesia,1
2923,Genghis-Khan,1
2924,Phoenicia,1
2925,Qin-Mandate-of-Heaven,1
2926,Cree,1
2927,Ptolemaic-Cleopatra,1
2928,Byzantium,1
2929,Babylon,1
2930,Spain,1
2931,Macedon,1
2932,Portugal,1
2933,Zulu,1
2934,Gaul,1
2935,Poland,1
2936,Spain,1
2937,Rome,1
2938,Maori,1
2939,Victoria age of steam,1
2940,Qin-Mandate-of-Heaven,1
2941,Genghis-Khan,1
2942,Qin-Mandate-of-Heaven,1
2943,Hojo-Tokimune,1
2944,Yongle,1
2945,Spain,1
2946,Australia,1
2947,Canada,1
2948,Australia,1
2949,Ludwig,1
2950,Brazil,1
2951,Suleiman-Muhtesem,1
2952,Qin-Mandate-of-Heaven,1
2953,Khmer,1
2954,Victoria,1
2955,Hojo-Tokimune,1
2956,Australia,1
2957,Abraham-Lincoln,1
2958,Germany,1
2959,Catherine-Magnificence,1
2960,Germany,1
2961,Sumeria,1
2962,Kublai-Mongolia,1
2963,Suleiman-Muhtesem,1
2964,Saladin-Vizier,1
2965,Suleiman-Muhtesem,1
2966,Khmer,1
2967,Canada,1
2968,Ethiopia,1
2969,Ethiopia,1
2970,Suleiman-Kanuni,1
2971,Rome,1
2972,Eleanor-En,1
2973,Russia,1
2974,Mvemba-a-Nzinga,1
2975,Netherlands,1
2976,Suleiman-Muhtesem,1
2977,Sweden,1
2978,Sweden,1
2979,Catherine-BQ,1
2980,Ethiopia,1
2981,Suleiman-Kanuni,1
2982,Catherine-Magnificence,1
2983,Gaul,1
2984,Hojo-Tokimune,1
2985,Gran-Colombia,1
2986,Victoria,1
2987,Hojo-Tokimune,1
2988,Babylon,1
2989,Gorgo,1
2990,Teddy-BM,1
2991,Germany,1
2992,Mali,1
2993,Cree,1
2994,Abraham-Lincoln,1
2995,Pericles,1
2996,Aztec,1
2997,Eleanor-En,1
2998,Eleanor-En,1
2999,Spain,1
3000,Teddy-BM,1
3001,Inca,1
3002,Nader-Shah,1
3003,Ludwig,1
3004,Ludwig,1
3005,Netherlands,1
3006,Ludwig,1
3007,Egypt,1
3008,Rome,1
3009,Aztec,1
3010,Abraham-Lincoln,1
3011,Portugal,1
3012,Cree,1
3013,Mbande,1
3014,Qin-Mandate-of-Heaven,1
3015,Aztec,1
3016,Norway,1
3017,Catherine-Magnificence,1
3018,Qin-Mandate-of-Heaven,1
3019,Chandragupta,1
3020,Indonesia,1
3021,Abraham-Lincoln,1
3022,Gorgo,1
3023,Cree,1
3024,Victoria age of steam,1
3025,Abraham-Lincoln,1
3026,Suleiman-Muhtesem,1
3027,Babylon,1
3028,Qin-Mandate-of-Heaven,1
3029,Portugal,1
3030,Wu-Zetian,1
3031,Korea,1
3032,Phoenicia,1
3033,Norway,1
3034,Russia,1
3035,Brazil,1
3036,Brazil,1
3037,Canada,1
3038,Teddy-RR,1
3039,Hojo-Tokimune,1
3040,Eleanor-En,1
3041,Hungary,1
3042,Netherlands,1
3043,Poland,1
3044,Vietnam,1
3045,Hojo-Tokimune,1
3046,Brazil,1
3047,Qin-Mandate-of-Heaven,1
3048,Qin-Mandate-of-Heaven,1
3049,Zulu,1
3050,ElizabethI,1
3051,Sundiata-Keita,1
3052,Sumeria,1
3053,Brazil,1
3054,Canada,1
3055,Spain,1
3056,Saladin-Vizier,1
3057,Aztec,1
3058,Victoria,1
3059,Qin-Mandate-of-Heaven,1
3060,Vietnam,1
3061,Brazil,1
3062,Ludwig,1
3063,Qin-Mandate-of-Heaven,1
3064,Aztec,1
3065,Rome,1
3066,Gorgo,1
3067,Canada,1
3068,Spain,1
3069,Georgia,1
3070,Qin-Mandate-of-Heaven,1
3071,Victoria age of steam,1
3072,Nubia,1
3073,Ludwig,1
3074,Rome,1
3075,Gran-Colombia,1
3076,Ludwig,1
3077,Suleiman-Muhtesem,1
3078,Inca,1
3079,Victoria,1
3080,Ludwig,1
3081,Gorgo,1
3082,Nubia,1
3083,Germany,1
3084,Wu-Zetian,1
3085,Canada,1
3086,Canada,1
3087,Persia,1
3088,Qin-Unifier,1
3089,Victoria,1
3090,Pericles,1
3091,Korea,1
3092,Saladin-Vizier,1
3093,Wu-Zetian,1
3094,Aztec,1
3095,Catherine-Magnificence,1
3096,Gaul,1
3097,Kublai-Mongolia,1
3098,Cree,1
3099,Julius-Caesar,1
3100,Cree,1
3101,Khmer,1
3102,Australia,1
3103,Aztec,1
3104,Scotland,1
3105,Gorgo,1
3106,Suleiman-Kanuni,1
3107,Pericles,1
3108,Qin-Mandate-of-Heaven,1
3109,Maya,1
3110,Georgia,1
3111,Tokugawa,1
3112,Teddy-BM,1
3113,Netherlands,1
3114,Abraham-Lincoln,1
3115,Victoria,1
3116,Eleanor-Fr,1
3117,Australia,1
3118,Yongle,1
3119,Gran-Colombia,1
3120,Persia,1
3121,Eleanor-Fr,1
3122,Pericles,1
3123,Khmer,1
3124,Canada,1
3125,Suleiman-Muhtesem,1
3126,Teddy-BM,1
3127,Sweden,1
3128,Suleiman-Muhtesem,1
3129,Suleiman-Kanuni,1
3130,Yongle,1
3131,Mvemba-a-Nzinga,1
3132,Pericles,1
3133,Brazil,1
3134,Russia,1
3135,Netherlands,1
3136,Canada,1
3137,Qin-Mandate-of-Heaven,1
3138,Mvemba-a-Nzinga,1
3139,Ptolemaic-Cleopatra,1
3140,Qin-Mandate-of-Heaven,1
3141,Genghis-Khan,1
3142,Germany,1
3143,Qin-Mandate-of-Heaven,1
3144,Korea,1
3145,Cree,1
3146,Sundiata-Keita,1
3147,Catherine-Magnificence,1
3148,Ethiopia,1
3149,Mapuche,1
3150,Cree,1
3151,Canada,1
3152,Mbande,1
3153,Canada,1
3154,Netherlands,1
3155,Norway,1
3156,Persia,1
3157,Sumeria,1
3158,Brazil,1
3159,Qin-Mandate-of-Heaven,1
3160,Kublai-Mongolia,1
3161,Sweden,1
3162,Spain,1
3163,Inca,1
3164,Australia,1
3165,Inca,1
3166,Egypt,1
3167,Mbande,1
3168,Kublai-Mongolia,1
3169,Ethiopia,1
3170,Brazil,1
3171,Korea,1
3172,Qin-Mandate-of-Heaven,1
3173,Eleanor-En,1
3174,Persia,1
3175,Qin-Mandate-of-Heaven,1
3176,Ptolemaic-Cleopatra,1
3177,Kublai-Mongolia,1
3178,Gorgo,1
3179,ElizabethI,1
3180,Mapuche,1
3181,Victoria,1
3182,Victoria,1
3183,Ludwig,1
3184,Sundiata-Keita,1
3185,Genghis-Khan,1
3186,Hungary,1
3187,Sundiata-Keita,1
3188,Sweden,1
3189,Hojo-Tokimune,1
3190,Rome,1
3191,Vietnam,1
3192,Netherlands,1
3193,Gorgo,1
3194,Abraham-Lincoln,1
3195,Eleanor-En,1
3196,Gorgo,1
3197,Ethiopia,1
3198,Byzantium,1
3199,Mvemba-a-Nzinga,1
3200,Australia,1
3201,Eleanor-Fr,1
3202,Russia,1
3203,Mali,1
3204,Spain,1
3205,Brazil,1
3206,Kublai-China,1
3207,Mbande,1
3208,Wu-Zetian,1
3209,Gorgo,1
3210,Qin-Mandate-of-Heaven,1
3211,Germany,1
3212,Portugal,1
3213,Pericles,1
3214,Yongle,1
3215,Julius-Caesar,1
3216,Qin-Unifier,1
3217,Qin-Mandate-of-Heaven,1
3218,Hojo-Tokimune,1
3219,Inca,1
3220,Brazil,1
3221,Brazil,1
3222,Sundiata-Keita,1
3223,Kublai-China,1
3224,Ludwig,1
3225,Germany,1
3226,Babylon,1
3227,Chandragupta,1
3228,Victoria age of steam,1
3229,Suleiman-Kanuni,1
3230,Inca,1
3231,Canada,1
3232,Nubia,1
3233,Georgia,1
3234,Canada,1
3235,Norway,1
3236,Vietnam,1
3237,Qin-Mandate-of-Heaven,1
3238,Georgia,1
3239,Sumeria,1
3240,Khmer,1
3241,Egypt,1
3242,Vietnam,1
3243,Norway,1
3244,Hungary,1
3245,Vietnam,1
3246,Poland,1
3247,Aztec,1
3248,Saladin-Vizier,1
3249,Gaul,1
3250,Indonesia,1
3251,Aztec,1
3252,Qin-Mandate-of-Heaven,1
3253,Hungary,1
3254,Qin-Mandate-of-Heaven,1
3255,Kublai-China,1
3256,Gaul,1
3257,Germany,1
3258,Qin-Mandate-of-Heaven,1
3259,Yongle,1
3260,Chandragupta,1
3261,Qin-Mandate-of-Heaven,1
3262,Suleiman-Muhtesem,1
3263,Scythia,1
3264,Netherlands,1
3265,Qin-Mandate-of-Heaven,1
3266,Suleiman-Muhtesem,1
3267,Cree,1
3268,Harald-Varangian,1
3269,Cree,1
3270,Cree,1
3271,Cree,1
3272,Abraham-Lincoln,1
3273,Ramses,1
3274,Saladin-Vizier,1
3275,Eleanor-Fr,1
3276,Cree,1
3277,Qin-Mandate-of-Heaven,1
3278,Persia,1
3279,Nubia,1
3280,Vietnam,1
3281,Germany,1
3282,Babylon,1
3283,Russia,1
3284,Cree,1
3285,Sejong,1
3286,Suleiman-Kanuni,1
3287,Egypt,1
3288,Victoria age of steam,1
3289,Hungary,1
3290,Hungary,1
3291,Russia,1
3292,Aztec,1
3293,Ptolemaic-Cleopatra,1
3294,Sumeria,1
3295,Persia,1
3296,Georgia,1
3297,Gaul,1
3298,Aztec,1
3299,Sundiata-Keita,1
3300,Brazil,1
3301,Egypt,1
3302,Mbande,1
3303,Zulu,1
3304,Australia,1
3305,Netherlands,1
3306,Phoenicia,1
3307,Germany,1
3308,Pericles,1
3309,Babylon,1
3310,Victoria age of steam,1
3311,Brazil,1
3312,Cree,1
3313,Hungary,1
3314,Canada,1
3315,Gran-Colombia,1
3316,Aztec,1
3317,Cree,1
3318,Canada,1
3319,Poland,1
3320,Qin-Mandate-of-Heaven,1
3321,Maya,1
3322,Mali,1
3323,Macedon,1
3324,Germany,1
3325,Inca,1
3326,Gorgo,1
3327,Suleiman-Muhtesem,1
3328,Hojo-Tokimune,1
3329,Egypt,1
3330,Brazil,1
3331,Russia,1
3332,Cree,1
3333,Canada,1
3334,Pericles,1
3335,Qin-Mandate-of-Heaven,1
3336,Hungary,1
3337,Kublai-Mongolia,1
3338,Eleanor-En,1
3339,Kublai-China,1
3340,Egypt,1
3341,Poland,1
3342,Egypt,1
3343,Catherine-BQ,1
3344,Rome,1
3345,Qin-Mandate-of-Heaven,1
3346,Australia,1
3347,Australia,1
3348,Teddy-BM,1
3349,Khmer,1
3350,Rome,1
3351,Germany,1
3352,Spain,1
3353,Aztec,1
3354,Teddy-BM,1
3355,Aztec,1
3356,Gaul,1
3357,Cree,1
3358,Yongle,1
3359,Inca,1
3360,Abraham-Lincoln,1
3361,Persia,1
3362,Rome,1
3363,Australia,1
3364,Australia,1
3365,Scotland,1
3366,Inca,1
3367,Portugal,1
3368,Rome,1
3369,Sundiata-Keita,1
3370,Nubia,1
3371,Hungary,1
3372,Canada,1
3373,Egypt,1
3374,Zulu,1
3375,Qin-Mandate-of-Heaven,1
3376,Hungary,1
3377,Ludwig,1
3378,Rome,1
3379,Russia,1
3380,Qin-Mandate-of-Heaven,1
3381,Qin-Mandate-of-Heaven,1
3382,Suleiman-Kanuni,1
3383,Ptolemaic-Cleopatra,1
3384,Suleiman-Muhtesem,1
3385,Victoria age of steam,1
3386,Qin-Mandate-of-Heaven,1
3387,Egypt,1
3388,Australia,1
3389,Mapuche,1
3390,Maya,1
3391,Hojo-Tokimune,1
3392,Australia,1
3393,Cree,1
3394,Canada,1
3395,Victoria age of steam,1
3396,Teddy-RR,1
3397,Qin-Mandate-of-Heaven,1
3398,Gran-Colombia,1
3399,Qin-Mandate-of-Heaven,1
3400,Chandragupta,1
3401,Canada,1
3402,Scythia,1
3403,Norway,1
3404,Nubia,1
3405,Gaul,1
3406,Netherlands,1
3407,Phoenicia,1
3408,Victoria age of steam,1
3409,Gaul,1
3410,Eleanor-En,1
3411,Babylon,1
3412,Netherlands,1
3413,Gorgo,1
3414,Nader-Shah,1
3415,Hojo-Tokimune,1
3416,ElizabethI,1
3417,Victoria age of steam,1
3418,Saladin-Vizier,1
3419,Hungary,1
3420,Qin-Mandate-of-Heaven,1
3421,Nubia,1
3422,Ludwig,1
3423,Persia,1
3424,Norway,1
3425,Qin-Mandate-of-Heaven,1
3426,Gran-Colombia,1
3427,Vietnam,1
3428,Qin-Mandate-of-Heaven,1
3429,Gorgo,1
3430,Qin-Mandate-of-Heaven,1
3431,Persia,1
3432,Canada,1
3433,Australia,1
3434,Hungary,1
3435,Mvemba-a-Nzinga,1
3436,Germany,1
3437,Harald-Varangian,1
3438,Australia,1
3439,Persia,1
3440,Pericles,1
3441,Norway,1
3442,Canada,1
3443,Vietnam,1
3444,Genghis-Khan,1
3445,Egypt,1
3446,Victoria age of steam,1
3447,Russia,1
3448,Scotland,1
3449,Victoria age of steam,1
3450,Victoria,1
3451,Hojo-Tokimune,1
3452,Canada,1
3453,Ludwig,1
3454,Mali,1
3455,Saladin-Vizier,1
3456,Genghis-Khan,1
3457,Qin-Mandate-of-Heaven,1
3458,Qin-Mandate-of-Heaven,1
3459,Hungary,1
3460,Germany,1
3461,Saladin-Vizier,1
3462,Teddy-BM,1
3463,Gorgo,1
3464,Hojo-Tokimune,1
3465,Vietnam,1
3466,Gorgo,1
3467,Theodora,1
3468,Ludwig,1
3469,Sumeria,1
3470,Poland,1
3471,Qin-Mandate-of-Heaven,1
3472,Khmer,1
3473,Hojo-Tokimune,1
3474,Gran-Colombia,1
3475,Scotland,1
3476,Teddy-RR,1
3477,Victoria,1
3478,Victoria,1
3479,Netherlands,1
3480,Catherine-Magnificence,1
3481,Qin-Mandate-of-Heaven,1
3482,Brazil,1
3483,Gorgo,1
3484,Ptolemaic-Cleopatra,1
3485,Suleiman-Kanuni,1
3486,Gorgo,1
3487,Scotland,1
3488,Hojo-Tokimune,1
3489,Nader-Shah,1
3490,Teddy-RR,1
3491,Indonesia,1
3492,Inca,1
3493,Harald-Varangian,1
3494,Victoria,1
3495,Babylon,1
3496,Victoria age of steam,1
3497,Scotland,1
3498,Tokugawa,1
3499,Aztec,1
3500,Eleanor-En,1
3502,Inca,1
3503,Babylon,1
3504,Victoria,1
3505,Inca,1
3506,Qin-Mandate-of-Heaven,1
3507,Korea,1
3508,Babylon,1
3509,Qin-Mandate-of-Heaven,1
3510,Qin-Mandate-of-Heaven,1
3511,Sumeria,1
3512,Eleanor-En,1
3513,Abraham-Lincoln,1
3514,Mbande,1
3515,Ludwig,1
3516,Saladin-Vizier,1
3517,Brazil,1
3518,Ethiopia,1
3519,Babylon,1
3520,Pericles,1
3521,Vietnam,1
3522,Sundiata-Keita,1
3523,Macedon,1
3524,Qin-Mandate-of-Heaven,1
3525,Qin-Mandate-of-Heaven,1
3526,Germany,1
3527,Ludwig,1
3528,Scotland,1
3529,Yongle,1
3530,Hungary,1
3531,Cree,1
3532,Mvemba-a-Nzinga,1
3533,Kublai-Mongolia,1
3534,Khmer,1
3535,Harald-Varangian,1
3536,Germany,1
3537,Hojo-Tokimune,1
3538,Sundiata-Keita,1
3539,Victoria age of steam,1
3540,Eleanor-En,1
3541,Eleanor-En,1
3542,Ethiopia,1
3543,Scotland,1
3544,Rome,1
3545,Nader-Shah,1
3546,Catherine-Magnificence,1
3547,Catherine-Magnificence,1
3548,Portugal,1
3549,Hungary,1
3550,Qin-Mandate-of-Heaven,1
3551,Brazil,1
3552,Canada,1
3553,Indonesia,1
3554,Qin-Mandate-of-Heaven,1
3555,Chandragupta,1
3556,Gorgo,1
3557,Eleanor-En,1
3558,Yongle,1
3559,Netherlands,1
3560,Chandragupta,1
3561,Rome,1
3562,Qin-Mandate-of-Heaven,1
3563,Hojo-Tokimune,1
3564,Aztec,1
3565,Persia,1
3566,Gorgo,1
3567,Qin-Mandate-of-Heaven,1
3568,Qin-Mandate-of-Heaven,1
3569,Norway,1
3570,Vietnam,1
3571,Qin-Mandate-of-Heaven,1
3572,Mbande,1
3573,Hojo-Tokimune,1
3574,Byzantium,1
3575,Gaul,1
3576,Russia,1
3577,Aztec,1
3578,Egypt,1
3579,Rome,1
3580,Suleiman-Kanuni,1
3581,Netherlands,1
3582,Spain,1
3583,Harald-Varangian,1
3584,Brazil,1
3585,Poland,1
3586,Netherlands,1
3587,Rome,1
3588,Rome,1
3589,Gorgo,1
3590,Qin-Mandate-of-Heaven,1
3591,Inca,1
3592,Germany,1
3593,Qin-Mandate-of-Heaven,1
3594,Inca,1
3595,Georgia,1
3596,Suleiman-Muhtesem,1
3597,Catherine-Magnificence,1
3598,Eleanor-Fr,1
3599,Julius-Caesar,1
3600,Poland,1
3601,Poland,1
3602,Harald-Varangian,1
3603,Hungary,1
3604,Byzantium,1
3605,Qin-Mandate-of-Heaven,1
3606,Scotland,1
3607,Netherlands,1
3608,Suleiman-Muhtesem,1
3609,Eleanor-En,1
3610,Hungary,1
3611,Scotland,1
3612,Brazil,1
3613,Gorgo,1
3614,Hungary,1
3615,Nader-Shah,1
3616,Victoria,1
3617,Khmer,1
3618,Gandhi,1
3619,Mbande,1
3620,Persia,1
3621,Pericles,1
3622,Qin-Mandate-of-Heaven,1
3623,Qin-Unifier,1
3624,Qin-Mandate-of-Heaven,1
3625,Canada,1
3626,Russia,1
3627,Babylon,1
3628,Victoria age of steam,1
3629,Korea,1
3630,Nader-Shah,1
3631,Teddy-BM,1
3632,Inca,1
3633,Khmer,1
3634,Vietnam,1
3635,Rome,1
3636,Brazil,1
3637,Mvemba-a-Nzinga,1
3638,Hungary,1
3639,Aztec,1
3640,Poland,1
3641,Hojo-Tokimune,1
3642,Rome,1
3643,Abraham-Lincoln,1
3644,Abraham-Lincoln,1
3645,Phoenicia,1
3646,Australia,1
3647,Mbande,1
3648,Canada,1
3649,Pericles,1
3650,Inca,1
3651,Abraham-Lincoln,1
3652,Scotland,1
3653,ElizabethI,1
3654,Rome,1
3655,Hojo-Tokimune,1
3656,Ethiopia,1
3657,Saladin-Vizier,1
3658,Canada,1
3659,Julius-Caesar,1
3660,Aztec,1
3661,Mvemba-a-Nzinga,1
3662,Eleanor-Fr,1
3663,Kublai-Mongolia,1
3664,Pericles,1
3665,Indonesia,1
3666,Scythia,1
3667,Cree,1
3668,Hojo-Tokimune,1
3669,Rome,1
3670,Chandragupta,1
3671,Korea,1
3672,Brazil,1
3673,Inca,1
3674,Gorgo,1
3675,Scythia,1
3676,Pericles,1
3677,Persia,1
3678,Qin-Mandate-of-Heaven,1
3679,Qin-Mandate-of-Heaven,1
3680,Persia,1
3681,Qin-Mandate-of-Heaven,1
3682,Harald-Varangian,1
3683,Canada,1
3684,Gran-Colombia,1
3685,Victoria,1
3686,Australia,1
3687,Mvemba-a-Nzinga,1
3688,Qin-Mandate-of-Heaven,1
3689,Australia,1
3690,Persia,1
3691,Suleiman-Muhtesem,1
3692,Egypt,1
3693,Russia,1
3694,Poland,1
3695,Byzantium,1
3696,Pericles,1
3697,Gorgo,1
3698,Qin-Mandate-of-Heaven,1
3699,Teddy-BM,1
3700,Suleiman-Kanuni,1
3701,Scythia,1
3702,Kublai-China,1
3703,Catherine-Magnificence,1
3704,Gorgo,1
3705,Chandragupta,1
3706,Nubia,1
3707,Qin-Mandate-of-Heaven,1
3708,Qin-Mandate-of-Heaven,1
3709,Sweden,1
3710,Victoria age of steam,1
3711,Gandhi,1
3712,Qin-Mandate-of-Heaven,1
3713,Qin-Mandate-of-Heaven,1
3714,Teddy-BM,1
3715,Yongle,1
3716,Suleiman-Kanuni,1
3717,Gandhi,1
3718,Cree,1
3719,Scotland,1
3720,Canada,1
3721,Portugal,1
3722,Gaul,1
3723,Rome,1
3724,Yongle,1
3725,Qin-Mandate-of-Heaven,1
3726,Russia,1
3727,Qin-Mandate-of-Heaven,1
3728,Qin-Mandate-of-Heaven,1
3729,Hojo-Tokimune,1
3730,Gorgo,1
3731,Inca,1
3732,Catherine-Magnificence,1
3733,Qin-Mandate-of-Heaven,1
3734,Ludwig,1
3735,Gaul,1
3736,Vietnam,1
3737,Suleiman-Muhtesem,1
3738,Qin-Mandate-of-Heaven,1
3739,Vietnam,1
3740,Cree,1
3741,Inca,1
3742,Gorgo,1
3743,Mbande,1
3744,Teddy-BM,1
3745,Sumeria,1
3746,Catherine-BQ,1
3747,Cree,1
3748,Qin-Unifier,1
3749,Teddy-BM,1
3750,Australia,1
3751,Suleiman-Kanuni,1
3752,Saladin-Vizier,1
3753,Khmer,1
3754,Aztec,1
3756,Spain,1
3757,Gorgo,1
3758,Ethiopia,1
3759,Nader-Shah,1
3760,Phoenicia,1
3761,Sweden,1
3762,Netherlands,1
3763,Nubia,1
3764,Babylon,1
3765,Egypt,1
3766,Egypt,1
3767,Eleanor-En,1
3768,Pericles,1
3769,Qin-Mandate-of-Heaven,1
3770,Suleiman-Kanuni,1
3771,Ramses,1
3772,Aztec,1
3773,Qin-Mandate-of-Heaven,1
3774,Gorgo,1
3775,Aztec,1
3776,Sumeria,1
3777,Abraham-Lincoln,1
3778,Yongle,1
3779,Canada,1
3780,Inca,1
3781,Ramses,1
3782,Rome,1
3783,Victoria,1
3784,Qin-Mandate-of-Heaven,1
3785,Sumeria,1
3786,Korea,1
3787,Spain,1
3788,Portugal,1
3789,Zulu,1
3790,Australia,1
3791,Ethiopia,1
3792,Poland,1
3793,Canada,1
3794,Sejong,1
3795,Australia,1
3796,Vietnam,1
3797,Phoenicia,1
3798,Saladin-Vizier,1
3799,Netherlands,1
3800,Cree,1
3801,Russia,1
3802,Germany,1
3803,Sundiata-Keita,1
3804,Qin-Mandate-of-Heaven,1
3805,Sundiata-Keita,1
3806,Spain,1
3807,Nubia,1
3808,Ramses,1
3809,Suleiman-Kanuni,1
3810,Vietnam,1
3811,Rome,1
3812,Aztec,1
3813,Hojo-Tokimune,1
3814,Persia,1
3815,Victoria age of steam,1
3816,Brazil,1
3817,Poland,1
3818,Cree,1
3819,Macedon,1
3820,Ptolemaic-Cleopatra,1
3821,Rome,1
3822,Germany,1
3823,Eleanor-En,1
3824,Poland,1
3825,Vietnam,1
3826,Khmer,1
3827,Spain,1
3828,Persia,1
3829,Brazil,1
3830,Teddy-RR,1
3831,Cree,1
3832,Qin-Unifier,1
3833,Qin-Mandate-of-Heaven,1
3834,Scythia,1
3835,Gorgo,1
3836,Mapuche,1
3837,Qin-Mandate-of-Heaven,1
3838,Canada,1
3839,Gran-Colombia,1
3840,Gran-Colombia,1
3841,Yongle,1
3842,Hungary,1
3843,Wu-Zetian,1
3844,Korea,1
3845,Scythia,1
3846,Qin-Mandate-of-Heaven,1
3847,Australia,1
3848,Victoria age of steam,1
3849,Australia,1
3850,Ludwig,1
3851,Qin-Mandate-of-Heaven,1
3852,Sumeria,1
3853,Poland,1
3854,Russia,1
3855,Qin-Mandate-of-Heaven,1
3856,Qin-Mandate-of-Heaven,1
3857,Inca,1
3858,Sumeria,1
3859,Mapuche,1
3860,Byzantium,1
3861,Nubia,1
3862,Russia,1
3863,Persia,1
3864,Scotland,1
3865,Hojo-Tokimune,1
3866,Canada,1
3867,Ptolemaic-Cleopatra,1
3868,Kublai-Mongolia,1
3869,Inca,1
3870,Nader-Shah,1
3871,Ramses,1
3872,Qin-Mandate-of-Heaven,1
3873,Catherine-Magnificence,1
3874,Catherine-Magnificence,1
3875,Hojo-Tokimune,1
3876,Gorgo,1
3877,Georgia,1
3878,Eleanor-En,1
3879,Poland,1
3880,Aztec,1
3881,Vietnam,1
3882,Netherlands,1
3883,Aztec,1
3884,Gorgo,1
3885,Sundiata-Keita,1
3886,Mvemba-a-Nzinga,1
3887,Byzantium,1
3888,Pericles,1
3889,Qin-Mandate-of-Heaven,1
3890,Chandragupta,1
3891,Victoria,1
3892,Australia,1
3893,Scotland,1
3894,Netherlands,1
3895,Eleanor-En,1
3896,Mbande,1
3897,Canada,1
3898,Babylon,1
3899,Germany,1
3900,Kublai-Mongolia,1
3901,Ludwig,1
3902,Germany,1
3903,Victoria,1
3904,Phoenicia,1
3905,Norway,1
3906,Cree,1
3907,Nubia,1
3908,Gandhi,1
3909,Victoria age of steam,1
3910,Byzantium,1
3911,Canada,1
3912,Kublai-Mongolia,1
3913,Spain,1
3914,Vietnam,1
3915,Saladin-Vizier,1
3916,Georgia,1
3917,Scythia,1
3918,Cree,1
3919,Genghis-Khan,1
3920,Spain,1
3921,Sweden,1
3922,Qin-Mandate-of-Heaven,1
3923,Babylon,1
3924,Aztec,1
3925,Mbande,1
3926,Suleiman-Kanuni,1
3927,Tokugawa,1
3928,Spain,1
3929,Scotland,1
3930,Qin-Mandate-of-Heaven,1
3931,Gorgo,1
3932,Indonesia,1
3933,Qin-Mandate-of-Heaven,1
3934,Qin-Mandate-of-Heaven,1
3935,Gaul,1
3936,Australia,1
3937,Nader-Shah,1
3938,Gorgo,1
3939,Mvemba-a-Nzinga,1
3940,Eleanor-En,1
3941,Suleiman-Muhtesem,1
3942,Spain,1
3943,Hojo-Tokimune,1
3944,Aztec,1
3945,Babylon,1
3946,Brazil,1
3947,Suleiman-Kanuni,1
3948,Ludwig,1
3949,Victoria age of steam,1
3950,Suleiman-Muhtesem,1
3951,Scythia,1
3952,Brazil,1
3953,Qin-Mandate-of-Heaven,1
3954,Suleiman-Muhtesem,1
3955,Gaul,1
3956,Qin-Mandate-of-Heaven,1
3957,Qin-Mandate-of-Heaven,1
3958,Aztec,1
3959,Teddy-BM,1
3960,Qin-Mandate-of-Heaven,1
3961,Victoria age of steam,1
3962,Qin-Mandate-of-Heaven,1
3963,Qin-Mandate-of-Heaven,1
3964,Gandhi,1
3965,Pericles,1
3966,Mali,1
3967,Scythia,1
3968,Cree,1
3969,Catherine-Magnificence,1
3970,Catherine-BQ,1
3971,Chandragupta,1
3972,Maori,1
3973,Scythia,1
3974,Cree,1
3975,Yongle,1
3976,Victoria age of steam,1
3977,Qin-Mandate-of-Heaven,1
3978,Gorgo,1
3979,Ludwig,1
3980,Babylon,1
3981,Netherlands,1
3982,Qin-Mandate-of-Heaven,1
3983,ElizabethI,1
3984,Gaul,1
3985,Australia,1
3986,ElizabethI,1
3987,Qin-Mandate-of-Heaven,1
3988,Korea,1
3989,Mali,1
3990,Korea,1
3991,Qin-Mandate-of-Heaven,1
3992,Cree,1
3993,Mapuche,1
3994,Aztec,1
3995,ElizabethI,1
3996,Ludwig,1
3997,Yongle,1
3998,Suleiman-Kanuni,1
3999,Genghis-Khan,1
4000,Cree,1
4001,Teddy-BM,1
4002,Hojo-Tokimune,1
4003,Persia,1
4004,Eleanor-En,1
4005,Macedon,1
4006,Qin-Mandate-of-Heaven,1
4007,Pericles,1
4008,Qin-Mandate-of-Heaven,1
4009,Qin-Mandate-of-Heaven,1
4010,Saladin-Vizier,1
4011,Zulu,1
4012,Qin-Mandate-of-Heaven,1
4013,Ludwig,1
4014,Brazil,1
4015,Mali,1
4016,Canada,1
4017,Saladin-Vizier,1
4018,Hojo-Tokimune,1
4019,Aztec,1
4020,Nubia,1
4021,Gorgo,1
4022,Qin-Mandate-of-Heaven,1
4023,Nader-Shah,1
4024,Netherlands,1
4025,Catherine-Magnificence,1
4026,Qin-Mandate-of-Heaven,1
4027,Canada,1
4028,Catherine-Magnificence,1
4029,Qin-Mandate-of-Heaven,1
4030,Korea,1
4031,Pericles,1
4032,Mbande,1
4033,Phoenicia,1
4034,Teddy-BM,1
4035,Qin-Mandate-of-Heaven,1
4036,Victoria age of steam,1
4037,Mbande,1
4038,Pericles,1
4039,Gorgo,1
4040,Qin-Mandate-of-Heaven,1
4041,Ludwig,1
4042,Sweden,1
4043,Rome,1
4044,Gandhi,1
4045,Sweden,1
4046,Suleiman-Kanuni,1
4047,Ludwig,1
4048,Canada,1
4049,Vietnam,1
4050,Germany,1
4051,Qin-Mandate-of-Heaven,1
4052,Canada,1
4053,Qin-Mandate-of-Heaven,1
4054,Germany,1
4055,Gorgo,1
4056,Teddy-RR,1
4057,Germany,1
4058,Brazil,1
4059,Suleiman-Muhtesem,1
4060,Korea,1
4061,Germany,1
4062,Saladin-Vizier,1
4063,Brazil,1
4064,Netherlands,1
4065,Hungary,1
4066,Brazil,1
4067,Saladin-Vizier,1
4068,ElizabethI,1
4069,Sundiata-Keita,1
4070,Kublai-Mongolia,1
4071,Persia,1
4072,Ptolemaic-Cleopatra,1
4073,Zulu,1
4074,Georgia,1
4075,Catherine-Magnificence,1
4076,Qin-Mandate-of-Heaven,1
4077,Qin-Mandate-of-Heaven,1
4078,Indonesia,1
4079,Macedon,1
4080,Germany,1
4081,Scotland,1
4082,Germany,1
4083,Aztec,1
4084,ElizabethI,1
4085,Brazil,1
4086,Victoria age of steam,1
4087,Yongle,1
4088,Qin-Mandate-of-Heaven,1
4089,Cree,1
4090,Korea,1
4091,Scythia,1
4092,Nader-Shah,1
4093,Qin-Mandate-of-Heaven,1
4094,Hojo-Tokimune,1
4095,Qin-Mandate-of-Heaven,1
4096,Mvemba-a-Nzinga,1
4097,Catherine-Magnificence,1
4098,Vietnam,1
4099,Spain,1
4100,Canada,1
4101,Scotland,1
4102,Egypt,1
4103,Egypt,1
4104,Mbande,1
4105,Gorgo,1
4106,Germany,1
4107,Qin-Mandate-of-Heaven,1
4108,Germany,1
4109,Qin-Mandate-of-Heaven,1
4110,Catherine-Magnificence,1
4111,Eleanor-En,1
4112,Hojo-Tokimune,1
4113,Germany,1
4114,Ludwig,1
4115,Germany,1
4116,Eleanor-En,1
4117,Mapuche,1
4118,Qin-Mandate-of-Heaven,1
4119,Qin-Mandate-of-Heaven,1
4120,Gorgo,1
4121,Poland,1
4122,Persia,1
4123,Saladin-Vizier,1
4124,Ludwig,1
4125,Pericles,1
4126,Suleiman-Kanuni,1
4127,Catherine-BQ,1
4128,Abraham-Lincoln,1
4129,Georgia,1
4130,Abraham-Lincoln,1
4131,Ludwig,1
4132,Saladin-Vizier,1
4133,Mbande,1
4134,ElizabethI,1
4135,Suleiman-Muhtesem,1
4136,Qin-Mandate-of-Heaven,1
4137,Qin-Mandate-of-Heaven,1
4138,Persia,1
4139,Cree,1
4140,Eleanor-Fr,1
4141,Babylon,1
4142,Canada,1
4143,Zulu,1
4144,Russia,1
4145,Aztec,1
4146,Norway,1
4147,Pericles,1
4148,Qin-Mandate-of-Heaven,1
4149,ElizabethI,1
4150,Egypt,1
4151,Qin-Mandate-of-Heaven,1
4152,Ludwig,1
4153,Gorgo,1
4154,Hojo-Tokimune,1
4155,Suleiman-Kanuni,1
4156,Cree,1
4157,Mvemba-a-Nzinga,1
4158,Hojo-Tokimune,1
4159,Ludwig,1
4160,Nader-Shah,1
4161,Gaul,1
4162,Kublai-China,1
4163,Rome,1
4164,Netherlands,1
4165,Pericles,1
4166,Khmer,1
4167,Ethiopia,1
4168,Mvemba-a-Nzinga,1
4169,Spain,1
4170,Cree,1
4171,Germany,1
4172,Saladin-Sultan,1
4173,Cree,1
4174,Eleanor-En,1
4175,Pericles,1
4176,Portugal,1
4177,Nader-Shah,1
4178,Victoria age of steam,1
4179,Rome,1
4180,Macedon,1
4181,Hungary,1
4182,Qin-Mandate-of-Heaven,1
4183,Qin-Mandate-of-Heaven,1
4184,Aztec,1
4185,Mbande,1
4186,Rome,1
4187,Qin-Mandate-of-Heaven,1
4188,Qin-Mandate-of-Heaven,1
4189,Persia,1
4190,Babylon,1
4191,Persia,1
4192,Korea,1
4193,Mvemba-a-Nzinga,1
4194,Rome,1
4195,Norway,1
4196,Germany,1
4197,Teddy-RR,1
4198,Gaul,1
4199,Qin-Mandate-of-Heaven,1
4200,Mapuche,1
4201,Korea,1
4202,Spain,1
4203,Ludwig,1
4204,Sweden,1
4205,Suleiman-Kanuni,1
4206,Ramses,1
4207,Suleiman-Kanuni,1
4208,Gorgo,1
4209,Sumeria,1
4210,Sumeria,1
4211,Aztec,1
4212,Catherine-Magnificence,1
4213,Scotland,1
4214,Abraham-Lincoln,1
4215,Ptolemaic-Cleopatra,1
4216,Victoria,1
4217,Ethiopia,1
4218,Saladin-Vizier,1
4219,Brazil,1
4220,Brazil,1
4221,Harald-Varangian,1
4222,Victoria age of steam,1
4223,Hungary,1
4224,Canada,1
4225,Canada,1
4226,Catherine-Magnificence,1
4227,Saladin-Vizier,1
4228,Gorgo,1
4229,Canada,1
4230,Macedon,1
4231,Zulu,1
4232,Pericles,1
4233,Qin-Mandate-of-Heaven,1
4234,Phoenicia,1
4235,Netherlands,1
4236,Ethiopia,1
4237,Qin-Mandate-of-Heaven,1
4238,Yongle,1
4239,Suleiman-Muhtesem,1
4240,Germany,1
4241,Cree,1
4242,Canada,1
4243,Sejong,1
4244,Pericles,1
4245,Qin-Mandate-of-Heaven,1
4246,Brazil,1
4247,Scotland,1
4248,Suleiman-Kanuni,1
4249,Rome,1
4250,ElizabethI,1
4251,Persia,1
4252,Gorgo,1
4253,Portugal,1
4254,Qin-Mandate-of-Heaven,1
4255,Victoria age of steam,1
4256,Maori,1
4257,Russia,1
4258,Cree,1
4259,Saladin-Vizier,1
4260,Egypt,1
4261,Kublai-Mongolia,1
4262,Georgia,1
4263,Ethiopia,1
4264,Pericles,1
4265,Cree,1
4266,Chandragupta,1
4267,Rome,1
4268,Maori,1
4269,Mbande,1
4270,Kublai-China,1
4271,Hungary,1
4272,Maya,1
4273,Qin-Mandate-of-Heaven,1
4274,Rome,1
4275,Cree,1
4276,Russia,1
4277,Theodora,1
4278,Korea,1
4279,Brazil,1
4280,Australia,1
4281,Qin-Mandate-of-Heaven,1
4282,Rome,1
4283,Babylon,1
4284,Qin-Unifier,1
4285,Teddy-RR,1
4286,Maori,1
4287,Gorgo,1
4288,Catherine-Magnificence,1
4289,Rome,1
4290,Netherlands,1
4291,Aztec,1
4292,Canada,1
4293,Gorgo,1
4294,Maori,1
4295,Rome,1
4296,Teddy-RR,1
4297,Kublai-China,1
4298,Russia,1
4299,Hojo-Tokimune,1
4300,Ptolemaic-Cleopatra,1
4301,Canada,1
4302,Inca,1
4303,Teddy-RR,1
4304,Nubia,1
4305,Teddy-BM,1
4306,Catherine-Magnificence,1
4307,Kublai-China,1
4308,Egypt,1
4309,Suleiman-Kanuni,1
4310,Persia,1
4311,Qin-Mandate-of-Heaven,1
4312,Yongle,1
4313,Brazil,1
4314,Kublai-China,1
4315,Cree,1
4316,Abraham-Lincoln,1
4317,Norway,1
4318,Germany,1
4319,Pericles,1
4320,Netherlands,1
4321,Kublai-Mongolia,1
4322,Suleiman-Kanuni,1
4323,Aztec,1
4324,Hungary,1
4325,Macedon,1
4326,Teddy-BM,1
4327,Qin-Mandate-of-Heaven,1
4328,Qin-Mandate-of-Heaven,1
4329,Harald-Varangian,1
4330,Scotland,1
4331,Nader-Shah,1
4332,Qin-Mandate-of-Heaven,1
4333,Qin-Mandate-of-Heaven,1
4334,Australia,1
4335,Yongle,1
4336,Cree,1
4337,Saladin-Vizier,1
4338,Sejong,1
4339,Germany,1
4340,Ludwig,1
4341,Qin-Mandate-of-Heaven,1
4342,Mbande,1
4343,Cree,1
4344,Persia,1
4345,Mapuche,1
4346,Cree,1
4347,Ludwig,1
4348,Tokugawa,1
4349,Norway,1
4350,Germany,1
4351,Inca,1
4352,Ptolemaic-Cleopatra,1
4353,Victoria,1
4354,Suleiman-Muhtesem,1
4355,Mbande,1
4356,Brazil,1
4357,Inca,1
4358,Zulu,1
4359,Gandhi,1
4360,Qin-Mandate-of-Heaven,1
4361,Indonesia,1
4362,Rome,1
4363,Yongle,1
4364,Georgia,1
4365,Rome,1
4366,Nader-Shah,1
4367,Nader-Shah,1
4368,Hungary,1
4369,Abraham-Lincoln,1
4370,Vietnam,1
4371,Egypt,1
4372,Canada,1
4373,Brazil,1
4374,Germany,1
4375,Qin-Mandate-of-Heaven,1
4376,Cree,1
4377,Korea,1
4378,Korea,1
4379,Gorgo,1
4380,Genghis-Khan,1
4381,Indonesia,1
4382,Canada,1
4383,Australia,1
4384,Vietnam,1
4385,Aztec,1
4386,Persia,1
4387,Ludwig,1
4388,Suleiman-Kanuni,1
4389,Cree,1
4390,Qin-Mandate-of-Heaven,1
4391,Korea,1
4392,Qin-Mandate-of-Heaven,1
4393,Scythia,1
4394,Canada,1
4395,Genghis-Khan,1
4396,Inca,1
4397,Georgia,1
4398,Portugal,1
4399,Persia,1
4400,Ramses,1
4401,Portugal,1
4402,Mbande,1
4403,Indonesia,1
4404,Australia,1
4405,Canada,1
4406,Maori,1
4407,Nader-Shah,1
4408,Egypt,1
4409,Qin-Mandate-of-Heaven,1
4410,Eleanor-En,1
4411,Indonesia,1
4412,Teddy-RR,1
4413,Kublai-Mongolia,1
4414,Gaul,1
4415,Cree,1
4416,Egypt,1
4417,Qin-Mandate-of-Heaven,1
4418,Scythia,1
4419,Pericles,1
4420,Catherine-Magnificence,1
4421,Persia,1
4422,Saladin-Sultan,1
4423,Cree,1
4424,Eleanor-En,1
4425,Qin-Mandate-of-Heaven,1
4426,Maori,1
4427,Brazil,1
4428,Hungary,1
4429,Sumeria,1
4430,Qin-Mandate-of-Heaven,1
4431,Sejong,1
4432,Sumeria,1
4433,Nader-Shah,1
4434,Egypt,1
4435,Ludwig,1
4436,Gran-Colombia,1
4437,Victoria,1
4438,Korea,1
4440,Georgia,1
4441,Eleanor-Fr,1
4442,Hungary,1
4443,Victoria age of steam,1
4444,Spain,1
4445,Qin-Mandate-of-Heaven,1
4446,Mbande,1
4447,Scotland,1
4448,Qin-Mandate-of-Heaven,1
4449,Russia,1
4450,Aztec,1
4451,Portugal,1
4452,Khmer,1
4453,Netherlands,1
4454,Byzantium,1
4455,Germany,1
4456,Nubia,1
4459,Eleanor-En,1
4460,Qin-Mandate-of-Heaven,1
4461,Qin-Mandate-of-Heaven,1
4462,Kublai-Mongolia,1
4463,Qin-Mandate-of-Heaven,1
4464,Genghis-Khan,1
4465,Victoria,1
4466,Chandragupta,1
4467,Harald-Varangian,1
4468,Victoria,1
4469,Gran-Colombia,1
4470,Chandragupta,1
4471,Aztec,1
4472,Saladin-Vizier,1
4473,Hungary,1
4474,Suleiman-Muhtesem,1
4475,Poland,1
4478,Brazil,1
4481,Persia,1
4482,Harald-Varangian,1
4483,Aztec,1
4485,Scythia,1
4486,Germany,1
4487,Mali,1
4488,Russia,1
4489,Qin-Mandate-of-Heaven,1
4490,Eleanor-Fr,1
4491,Qin-Mandate-of-Heaven,1
4492,Sumeria,1
4493,Russia,1
4494,Brazil,1
4495,Germany,1
4496,Egypt,1
4497,Inca,1
4498,Nader-Shah,1
4499,Brazil,1
4500,Germany,1
4501,Korea,1
4502,Kublai-China,1
4503,Pericles,1
4505,Vietnam,1
4506,Theodora,1
4507,Teddy-BM,1
4508,Ludwig,1
4509,Pericles,1
4510,Mbande,1
4511,Norway,1
4512,Abraham-Lincoln,1
4513,Ramses,1
4514,Aztec,1
4516,Qin-Mandate-of-Heaven,1
4517,Victoria,1
4518,Cree,1
4519,Nader-Shah,1
4520,Qin-Mandate-of-Heaven,1
4521,ElizabethI,1
4522,Catherine-Magnificence,1
4523,Catherine-Magnificence,1
4524,Harald-Varangian,1
4525,Qin-Mandate-of-Heaven,1
4526,Chandragupta,1
4527,Persia,1
4528,Ludwig,1
4529,Victoria,1
4530,Sweden,1
4531,Qin-Mandate-of-Heaven,1
4532,Portugal,1
4533,Cree,1
4534,Babylon,1
4536,Australia,1
4537,Gorgo,1
4538,Maya,1
4539,Mapuche,1
4540,Pericles,1
4541,Victoria age of steam,1
4542,Sweden,1
4543,Ptolemaic-Cleopatra,1
4544,Mapuche,1
4546,Germany,1
4547,Australia,1
4548,Ethiopia,1
4549,Genghis-Khan,1
4550,Qin-Mandate-of-Heaven,1
4551,Macedon,1
4553,Catherine-Magnificence,1
4555,Chandragupta,1
4556,Eleanor-En,1
4557,Germany,1
4558,Mali,1
4559,Qin-Mandate-of-Heaven,1
4560,Qin-Mandate-of-Heaven,1
4561,Qin-Mandate-of-Heaven,1
4562,Hojo-Tokimune,1
4563,Qin-Mandate-of-Heaven,1
4564,Vietnam,1
4565,Cree,1
4566,Qin-Mandate-of-Heaven,1
4567,Qin-Mandate-of-Heaven,1
4568,Scotland,1
4569,Ludwig,1
4570,Macedon,1
4571,Qin-Mandate-of-Heaven,1
4572,Babylon,1
4573,Mali,1
4574,Victoria,1
4575,Mbande,1
4576,Nubia,1
4578,Qin-Mandate-of-Heaven,1
4580,Vietnam,1
4581,Inca,1
4582,Brazil,1
4584,Victoria,1
4585,Maori,1
4586,Mvemba-a-Nzinga,1
4587,Mvemba-a-Nzinga,1
4588,Nader-Shah,1
4589,Yongle,1
4590,Qin-Mandate-of-Heaven,1
4591,Sumeria,1
4592,Germany,1
4593,Qin-Mandate-of-Heaven,1
4594,Qin-Mandate-of-Heaven,1
4596,Qin-Mandate-of-Heaven,1
4597,Qin-Mandate-of-Heaven,1
4598,Pericles,1
4599,Norway,1
4600,Canada,1
4601,Yongle,1
4602,Netherlands,1
4603,Victoria,1
4604,Brazil,1
4605,Inca,1
4607,Rome,1
4608,Pericles,1
4609,Korea,1
4610,Macedon,1
4611,Suleiman-Muhtesem,1
4612,Babylon,1
4613,Gaul,1
4614,Pericles,1
4615,Gorgo,1
4616,Yongle,1
4617,Canada,1
4618,Abraham-Lincoln,1
4620,Teddy-BM,1
4624,Rome,1
4627,Qin-Mandate-of-Heaven,1
4628,Yongle,1
4629,Teddy-BM,1
4631,Pericles,1
4632,Nader-Shah,1
4633,Teddy-BM,1
4634,Qin-Mandate-of-Heaven,1
4636,ElizabethI,1
4637,Scotland,1
4638,Canada,1
4640,Abraham-Lincoln,1
4641,Portugal,1
4642,Qin-Mandate-of-Heaven,1
4643,Scythia,1
4644,Scotland,1
4645,Qin-Mandate-of-Heaven,1
4646,Nubia,1
4647,Nader-Shah,1
4648,Georgia,1
4649,Harald-Varangian,1
4650,Qin-Mandate-of-Heaven,1
4651,Rome,1
4652,Victoria,1
4653,Korea,1
4654,Spain,1
4655,Qin-Mandate-of-Heaven,1
4656,Ramses,1
4657,Norway,1
4658,Russia,1
4659,Korea,1
4660,Kublai-China,1
4661,Qin-Mandate-of-Heaven,1
4662,Qin-Mandate-of-Heaven,1
4663,Aztec,1
4664,Persia,1
4665,Gandhi,1
4666,Teddy-BM,1
4667,Rome,1
4668,Qin-Mandate-of-Heaven,1
4669,Teddy-BM,1
4670,Korea,1
4671,Scotland,1
4672,Saladin-Vizier,1
4673,Scythia,1
4674,Ludwig,1
4675,Germany,1
4676,Gorgo,1
4677,Germany,1
4678,Saladin-Vizier,1
4680,Brazil,1
4681,Maori,1
4682,Teddy-RR,1
4683,Eleanor-En,1
4684,Nader-Shah,1
4687,Ethiopia,1
4688,Victoria,1
4689,Theodora,1
4690,Persia,1
4691,Pericles,1
4692,Rome,1
4693,Canada,1
4694,Saladin-Vizier,1
4696,Rome,1
4697,Korea,1
4698,Kublai-China,1
4699,Nubia,1
4700,Norway,1
4702,Nubia,1
4703,Qin-Mandate-of-Heaven,1
4704,Catherine-Magnificence,1
4705,Kublai-Mongolia,1
4706,Sweden,1
4707,Georgia,1
4708,Georgia,1
4709,Qin-Mandate-of-Heaven,1
4710,Mbande,1
4711,Scotland,1
4712,Cree,1
4713,Germany,1
4714,Victoria,1
4715,Qin-Mandate-of-Heaven,1
4716,Chandragupta,1
4717,Cree,1
4718,Yongle,1
4719,Cree,1
4720,Russia,1
4721,Cree,1
4722,Netherlands,1
4724,Genghis-Khan,1
4725,Qin-Mandate-of-Heaven,1
4726,Kublai-Mongolia,1
4727,Korea,1
4728,Qin-Mandate-of-Heaven,1
4729,Qin-Mandate-of-Heaven,1
4730,Mbande,1
4731,Hojo-Tokimune,1
4732,Qin-Mandate-of-Heaven,1
4734,Maya,1
4737,Ethiopia,1
4738,Gandhi,1
4739,Korea,1
4740,Byzantium,1
4741,Qin-Mandate-of-Heaven,1
4742,Persia,1
4743,Qin-Mandate-of-Heaven,1
4744,Phoenicia,1
4745,Scythia,1
4746,Georgia,1
4747,Sumeria,1
4748,Saladin-Vizier,1
4749,Qin-Mandate-of-Heaven,1
4750,Scotland,1
4751,Pericles,1
4752,Babylon,1
4753,Germany,1
4754,Norway,1
4756,Indonesia,1
4757,Brazil,1
4758,Qin-Mandate-of-Heaven,1
4759,Pericles,1
4760,Mbande,1
4761,Persia,1
4762,Suleiman-Muhtesem,1
4763,Brazil,1
4764,Poland,1
4765,Babylon,1
4766,Catherine-Magnificence,1
4767,Canada,1
4768,Pericles,1
4769,Pericles,1
4770,Sundiata-Keita,1
4771,Rome,1
4772,Vietnam,1
4773,Korea,1
4774,Kublai-China,1
4776,Germany,1
4777,Kublai-China,1
4778,Ptolemaic-Cleopatra,1
4779,Cree,1
4780,Pericles,1
4781,Sumeria,1
4782,Byzantium,1
4783,Gaul,1
4784,Portugal,1
4785,ElizabethI,1
4786,Brazil,1
4787,Wu-Zetian,1
4789,Gorgo,1
4790,Inca,1
4791,Rome,1
4792,Egypt,1
4793,Harald-Varangian,1
4795,Sejong,1
4796,Eleanor-En,1
4797,Hojo-Tokimune,1
4798,Julius-Caesar,1
4799,Genghis-Khan,1
4800,Saladin-Vizier,1
4801,Australia,1
4802,Babylon,1
4803,Saladin-Vizier,1
4804,Russia,1
4805,Chandragupta,1
4806,Rome,1
4807,Saladin-Vizier,1
4808,Qin-Mandate-of-Heaven,1
4809,Gaul,1
4810,Ludwig,1
4811,Norway,1
4812,Qin-Mandate-of-Heaven,1
4813,Korea,1
4814,Maya,1
4815,Ptolemaic-Cleopatra,1
4816,Abraham-Lincoln,1
4817,Gandhi,1
4818,Hojo-Tokimune,1
4819,Gorgo,1
4820,Rome,1
4821,Scotland,1
4822,Kublai-China,1
4824,Mbande,1
4825,Catherine-BQ,1
4826,Catherine-BQ,1
4827,Gran-Colombia,1
4828,Russia,1
4829,Georgia,1
4830,Victoria age of steam,1
4831,Netherlands,1
4832,Eleanor-Fr,1
4833,Qin-Mandate-of-Heaven,1
4834,Mbande,1
4835,Qin-Mandate-of-Heaven,1
4836,Gorgo,1
4837,Cree,1
4838,Qin-Mandate-of-Heaven,1
4839,Qin-Mandate-of-Heaven,1
4840,Qin-Mandate-of-Heaven,1
4841,Pericles,1
4842,Suleiman-Kanuni,1
4844,Saladin-Vizier,1
4845,Maya,1
4846,Korea,1
4848,Qin-Mandate-of-Heaven,1
4849,Korea,1
4850,Suleiman-Kanuni,1
4851,Abraham-Lincoln,1
4852,Zulu,1
4854,Persia,1
4855,Pericles,1
4856,Victoria age of steam,1
4857,Cree,1
4858,Hungary,1
4859,Phoenicia,1
4860,Phoenicia,1
4862,Cree,1
4863,Mbande,1
4864,Norway,1
4865,Scythia,1
4866,Kublai-China,1
4867,Maya,1
4868,Saladin-Sultan,1
4869,Saladin-Vizier,1
4870,Qin-Mandate-of-Heaven,1
4871,Inca,1
4872,Hojo-Tokimune,1
4873,Qin-Mandate-of-Heaven,1
4875,Australia,1
4876,Zulu,1
4877,Qin-Mandate-of-Heaven,1
4878,Canada,1
4879,Cree,1
4880,Qin-Mandate-of-Heaven,1
4881,Canada,1
4883,Babylon,1
4884,Yongle,1
4886,Qin-Mandate-of-Heaven,1
4887,Aztec,1
4888,Hungary,1
4889,Qin-Mandate-of-Heaven,1
4890,Germany,1
4891,Eleanor-En,1
4892,Saladin-Vizier,1
4893,Cree,1
4894,ElizabethI,1
4895,Harald-Varangian,1
4896,Harald-Varangian,1
4897,Vietnam,1
4898,Eleanor-Fr,1
4899,Victoria age of steam,1
4900,Gandhi,1
4901,Cree,1
4902,Saladin-Sultan,1
4903,Mali,1
4905,Victoria,1
4906,Pericles,1
4907,Sejong,1
4908,Korea,1
4909,Ptolemaic-Cleopatra,1
4910,Scythia,1
4911,Teddy-BM,1
4912,Egypt,1
4913,Qin-Mandate-of-Heaven,1
4914,Harald-Varangian,1
4915,Eleanor-En,1
4916,Vietnam,1
4917,Egypt,1
4919,Macedon,1
4920,Teddy-BM,1
4921,Byzantium,1
4922,Norway,1
4923,Aztec,1
4925,Germany,1
4926,Qin-Mandate-of-Heaven,1
4927,Victoria age of steam,1
4928,Indonesia,1
4929,Qin-Mandate-of-Heaven,1
4991,Germany,1
5005,Sumeria,1
5007,Sweden,1
5017,Qin-Mandate-of-Heaven,1
5065,Nader-Shah,1
5085,Gaul,1
5125,Victoria,1
5127,Rome,1
5137,Portugal,1
5140,Sundiata-Keita,1
5153,Julius-Caesar,1
5164,Ludwig,1
5176,Gandhi,1
5200,Qin-Mandate-of-Heaven,1
5213,Eleanor-Fr,1
5236,Gandhi,1
5238,Sumeria,1
5254,Hungary,1
5285,Netherlands,1
5295,Persia,1
5296,Catherine-BQ,1
5297,Suleiman-Kanuni,1
5324,Qin-Mandate-of-Heaven,1
5329,Hungary,1
5339,Nader-Shah,1
5344,Qin-Mandate-of-Heaven,1
5352,Germany,1
5353,Germany,1
5355,Maori,1
5358,Egypt,1
5359,Hungary,1
5361,Australia,1
5368,Sweden,1
5370,ElizabethI,1
5376,Rome,1
5380,Catherine-BQ,1
5382,Maori,1
5383,Aztec,1
5384,Australia,1
5386,Harald-Varangian,1
5387,Victoria,1
5388,Qin-Mandate-of-Heaven,1
5389,Julius-Caesar,1
5390,Scotland,1
5394,Harald-Varangian,1
5402,Germany,1
5422,Aztec,1
5498,Hungary,1
5558,Canada,1
5578,Cree,1
5620,Gorgo,1
5693,Brazil,1
5706,ElizabethI,1
5729,Indonesia,1
5731,Qin-Mandate-of-Heaven,1
5747,Brazil,1
5788,Ludwig,1
5790,Persia,1
5817,Mbande,1
5832,Suleiman-Kanuni,1
5837,Inca,1
5854,Gaul,1
5861,Teddy-BM,1
5863,Rome,1
5869,Genghis-Khan,1
5876,Qin-Mandate-of-Heaven,1
5879,Qin-Mandate-of-Heaven,1
5881,Chandragupta,1
5895,Nader-Shah,1
